experiment_type,prompt_idx,layer,feature_indices,baseline_logit_diff,intervened_logit_diff,effect_size,abs_effect_size,relative_effect,sign_flipped,metadata,feature_source,skipped_reason,layer_has_graph_features
ablation_zero,0,10,"[25281, 148569]",8.125,8.625,0.5,0.5,0.061538461462721884,False,"{'prompt': '""open"" is the opposite of', 'correct_token': ' closed', 'incorrect_token': ' open', 'mode': 'zero'}",graph,,True
ablation_zero,0,11,"[59878, 46537, 107914]",8.125,7.25,-0.875,0.875,0.1076923075597633,False,"{'prompt': '""open"" is the opposite of', 'correct_token': ' closed', 'incorrect_token': ' open', 'mode': 'zero'}",graph,,True
ablation_zero,0,12,"[4447, 39488, 40178, 71563]",8.125,7.46875,-0.65625,0.65625,0.08076923066982247,False,"{'prompt': '""open"" is the opposite of', 'correct_token': ' closed', 'incorrect_token': ' open', 'mode': 'zero'}",graph,,True
ablation_zero,0,13,"[72758, 74172, 145452, 54591, 132137]",8.125,7.1875,-0.9375,0.9375,0.11538461524260354,False,"{'prompt': '""open"" is the opposite of', 'correct_token': ' closed', 'incorrect_token': ' open', 'mode': 'zero'}",graph,,True
ablation_zero,0,14,"[57525, 111183, 59886, 106824]",8.125,7.8125,-0.3125,0.3125,0.03846153841420118,False,"{'prompt': '""open"" is the opposite of', 'correct_token': ' closed', 'incorrect_token': ' open', 'mode': 'zero'}",graph,,True
ablation_zero,0,15,"[24958, 28063, 16555]",8.125,8.25,0.125,0.125,0.015384615365680471,False,"{'prompt': '""open"" is the opposite of', 'correct_token': ' closed', 'incorrect_token': ' open', 'mode': 'zero'}",graph,,True
ablation_zero,0,16,[101500],8.125,7.59375,-0.53125,0.53125,0.06538461530414201,False,"{'prompt': '""open"" is the opposite of', 'correct_token': ' closed', 'incorrect_token': ' open', 'mode': 'zero'}",graph,,True
ablation_zero,0,17,"[108538, 124447]",8.125,8.0,-0.125,0.125,0.015384615365680471,False,"{'prompt': '""open"" is the opposite of', 'correct_token': ' closed', 'incorrect_token': ' open', 'mode': 'zero'}",graph,,True
ablation_zero,0,18,"[149556, 106139]",8.125,8.1875,0.0625,0.0625,0.0076923076828402355,False,"{'prompt': '""open"" is the opposite of', 'correct_token': ' closed', 'incorrect_token': ' open', 'mode': 'zero'}",graph,,True
ablation_zero,0,19,"[107296, 135640, 135988, 34170, 124778]",8.125,7.90625,-0.21875,0.21875,0.026923076889940827,False,"{'prompt': '""open"" is the opposite of', 'correct_token': ' closed', 'incorrect_token': ' open', 'mode': 'zero'}",graph,,True
ablation_zero,0,20,"[145235, 8575, 97102]",8.125,8.75,0.625,0.625,0.07692307682840235,False,"{'prompt': '""open"" is the opposite of', 'correct_token': ' closed', 'incorrect_token': ' open', 'mode': 'zero'}",graph,,True
ablation_zero,0,21,"[45934, 75521]",8.125,7.34375,-0.78125,0.78125,0.09615384603550295,False,"{'prompt': '""open"" is the opposite of', 'correct_token': ' closed', 'incorrect_token': ' open', 'mode': 'zero'}",graph,,True
ablation_zero,0,22,[41906],8.125,7.375,-0.75,0.75,0.09230769219408283,False,"{'prompt': '""open"" is the opposite of', 'correct_token': ' closed', 'incorrect_token': ' open', 'mode': 'zero'}",graph,,True
ablation_zero,0,23,"[40170, 83865]",8.125,7.5625,-0.5625,0.5625,0.06923076914556213,False,"{'prompt': '""open"" is the opposite of', 'correct_token': ' closed', 'incorrect_token': ' open', 'mode': 'zero'}",graph,,True
ablation_zero,0,24,"[34943, 49489]",8.125,8.0,-0.125,0.125,0.015384615365680471,False,"{'prompt': '""open"" is the opposite of', 'correct_token': ' closed', 'incorrect_token': ' open', 'mode': 'zero'}",graph,,True
ablation_zero,0,25,"[27813, 121673]",8.125,8.5,0.375,0.375,0.046153846097041415,False,"{'prompt': '""open"" is the opposite of', 'correct_token': ' closed', 'incorrect_token': ' open', 'mode': 'zero'}",graph,,True
ablation_zero,1,10,"[25281, 148569]",9.375,9.1875,-0.1875,0.1875,0.019999999978666666,False,"{'prompt': 'The antonym of ""open"" is', 'correct_token': ' closed', 'incorrect_token': ' open', 'mode': 'zero'}",graph,,True
ablation_zero,1,11,"[59878, 46537, 107914]",9.375,8.9375,-0.4375,0.4375,0.04666666661688888,False,"{'prompt': 'The antonym of ""open"" is', 'correct_token': ' closed', 'incorrect_token': ' open', 'mode': 'zero'}",graph,,True
ablation_zero,1,12,"[4447, 39488, 40178, 71563]",9.375,8.875,-0.5,0.5,0.05333333327644444,False,"{'prompt': 'The antonym of ""open"" is', 'correct_token': ' closed', 'incorrect_token': ' open', 'mode': 'zero'}",graph,,True
ablation_zero,1,13,"[54591, 74172, 72758, 132137, 145452]",9.375,8.625,-0.75,0.75,0.07999999991466666,False,"{'prompt': 'The antonym of ""open"" is', 'correct_token': ' closed', 'incorrect_token': ' open', 'mode': 'zero'}",graph,,True
ablation_zero,1,14,"[57525, 111183, 106824, 59886]",9.375,9.5,0.125,0.125,0.01333333331911111,False,"{'prompt': 'The antonym of ""open"" is', 'correct_token': ' closed', 'incorrect_token': ' open', 'mode': 'zero'}",graph,,True
ablation_zero,1,15,"[24958, 28063, 16555]",9.375,9.375,0.0,0.0,0.0,False,"{'prompt': 'The antonym of ""open"" is', 'correct_token': ' closed', 'incorrect_token': ' open', 'mode': 'zero'}",graph,,True
ablation_zero,1,16,[101500],9.375,8.75,-0.625,0.625,0.06666666659555555,False,"{'prompt': 'The antonym of ""open"" is', 'correct_token': ' closed', 'incorrect_token': ' open', 'mode': 'zero'}",graph,,True
ablation_zero,1,17,"[124447, 108538]",9.375,9.8125,0.4375,0.4375,0.04666666661688888,False,"{'prompt': 'The antonym of ""open"" is', 'correct_token': ' closed', 'incorrect_token': ' open', 'mode': 'zero'}",graph,,True
ablation_zero,1,18,"[149556, 106139]",9.375,9.375,0.0,0.0,0.0,False,"{'prompt': 'The antonym of ""open"" is', 'correct_token': ' closed', 'incorrect_token': ' open', 'mode': 'zero'}",graph,,True
ablation_zero,1,19,"[107296, 135640, 135988, 124778, 34170]",9.375,9.75,0.375,0.375,0.03999999995733333,False,"{'prompt': 'The antonym of ""open"" is', 'correct_token': ' closed', 'incorrect_token': ' open', 'mode': 'zero'}",graph,,True
ablation_zero,1,20,"[145235, 97102, 8575]",9.375,9.0,-0.375,0.375,0.03999999995733333,False,"{'prompt': 'The antonym of ""open"" is', 'correct_token': ' closed', 'incorrect_token': ' open', 'mode': 'zero'}",graph,,True
ablation_zero,1,21,"[45934, 75521]",9.375,9.625,0.25,0.25,0.02666666663822222,False,"{'prompt': 'The antonym of ""open"" is', 'correct_token': ' closed', 'incorrect_token': ' open', 'mode': 'zero'}",graph,,True
ablation_zero,1,22,[41906],9.375,8.3125,-1.0625,1.0625,0.11333333321244443,False,"{'prompt': 'The antonym of ""open"" is', 'correct_token': ' closed', 'incorrect_token': ' open', 'mode': 'zero'}",graph,,True
ablation_zero,1,23,"[83865, 40170]",9.375,7.78125,-1.59375,1.59375,0.16999999981866665,False,"{'prompt': 'The antonym of ""open"" is', 'correct_token': ' closed', 'incorrect_token': ' open', 'mode': 'zero'}",graph,,True
ablation_zero,1,24,"[49489, 34943]",9.375,9.375,0.0,0.0,0.0,False,"{'prompt': 'The antonym of ""open"" is', 'correct_token': ' closed', 'incorrect_token': ' open', 'mode': 'zero'}",graph,,True
ablation_zero,1,25,"[121673, 27813]",9.375,4.78125,-4.59375,4.59375,0.4899999994773333,False,"{'prompt': 'The antonym of ""open"" is', 'correct_token': ' closed', 'incorrect_token': ' open', 'mode': 'zero'}",graph,,True
ablation_zero,2,10,"[25281, 148569]",8.0,10.125,2.125,2.125,0.2656249996679687,False,"{'prompt': '""heavy"" is the antonym of', 'correct_token': ' light', 'incorrect_token': ' heavy', 'mode': 'zero'}",graph,,True
ablation_zero,2,11,"[59878, 46537, 107914]",8.0,8.75,0.75,0.75,0.09374999988281249,False,"{'prompt': '""heavy"" is the antonym of', 'correct_token': ' light', 'incorrect_token': ' heavy', 'mode': 'zero'}",graph,,True
ablation_zero,2,12,"[40178, 4447, 39488, 71563]",8.0,8.25,0.25,0.25,0.031249999960937497,False,"{'prompt': '""heavy"" is the antonym of', 'correct_token': ' light', 'incorrect_token': ' heavy', 'mode': 'zero'}",graph,,True
ablation_zero,2,13,"[72758, 74172, 54591, 145452, 132137]",8.0,7.15625,-0.84375,0.84375,0.10546874986816406,False,"{'prompt': '""heavy"" is the antonym of', 'correct_token': ' light', 'incorrect_token': ' heavy', 'mode': 'zero'}",graph,,True
ablation_zero,2,14,"[57525, 111183, 59886, 106824]",8.0,8.6875,0.6875,0.6875,0.08593749989257812,False,"{'prompt': '""heavy"" is the antonym of', 'correct_token': ' light', 'incorrect_token': ' heavy', 'mode': 'zero'}",graph,,True
ablation_zero,2,15,"[24958, 28063, 16555]",8.0,7.71875,-0.28125,0.28125,0.03515624995605469,False,"{'prompt': '""heavy"" is the antonym of', 'correct_token': ' light', 'incorrect_token': ' heavy', 'mode': 'zero'}",graph,,True
ablation_zero,2,16,[101500],8.0,8.5,0.5,0.5,0.062499999921874994,False,"{'prompt': '""heavy"" is the antonym of', 'correct_token': ' light', 'incorrect_token': ' heavy', 'mode': 'zero'}",graph,,True
ablation_zero,2,17,"[124447, 108538]",8.0,7.78125,-0.21875,0.21875,0.02734374996582031,False,"{'prompt': '""heavy"" is the antonym of', 'correct_token': ' light', 'incorrect_token': ' heavy', 'mode': 'zero'}",graph,,True
ablation_zero,2,18,"[149556, 106139]",8.0,7.0,-1.0,1.0,0.12499999984374999,False,"{'prompt': '""heavy"" is the antonym of', 'correct_token': ' light', 'incorrect_token': ' heavy', 'mode': 'zero'}",graph,,True
ablation_zero,2,19,"[107296, 135640, 124778, 135988, 34170]",8.0,7.96875,-0.03125,0.03125,0.003906249995117187,False,"{'prompt': '""heavy"" is the antonym of', 'correct_token': ' light', 'incorrect_token': ' heavy', 'mode': 'zero'}",graph,,True
ablation_zero,2,20,"[145235, 97102, 8575]",8.0,8.375,0.375,0.375,0.046874999941406245,False,"{'prompt': '""heavy"" is the antonym of', 'correct_token': ' light', 'incorrect_token': ' heavy', 'mode': 'zero'}",graph,,True
ablation_zero,2,21,"[45934, 75521]",8.0,8.25,0.25,0.25,0.031249999960937497,False,"{'prompt': '""heavy"" is the antonym of', 'correct_token': ' light', 'incorrect_token': ' heavy', 'mode': 'zero'}",graph,,True
ablation_zero,2,22,[41906],8.0,7.875,-0.125,0.125,0.015624999980468748,False,"{'prompt': '""heavy"" is the antonym of', 'correct_token': ' light', 'incorrect_token': ' heavy', 'mode': 'zero'}",graph,,True
ablation_zero,2,23,"[40170, 83865]",8.0,9.5625,1.5625,1.5625,0.19531249975585935,False,"{'prompt': '""heavy"" is the antonym of', 'correct_token': ' light', 'incorrect_token': ' heavy', 'mode': 'zero'}",graph,,True
ablation_zero,2,24,"[34943, 49489]",8.0,8.4375,0.4375,0.4375,0.05468749993164062,False,"{'prompt': '""heavy"" is the antonym of', 'correct_token': ' light', 'incorrect_token': ' heavy', 'mode': 'zero'}",graph,,True
ablation_zero,2,25,"[27813, 121673]",8.0,8.5625,0.5625,0.5625,0.07031249991210937,False,"{'prompt': '""heavy"" is the antonym of', 'correct_token': ' light', 'incorrect_token': ' heavy', 'mode': 'zero'}",graph,,True
ablation_zero,3,10,"[25281, 148569]",6.375,6.03125,-0.34375,0.34375,0.05392156854286813,False,"{'prompt': 'The antonym of ""fast"" is', 'correct_token': ' slow', 'incorrect_token': ' fast', 'mode': 'zero'}",graph,,True
ablation_zero,3,11,"[59878, 46537, 107914]",6.375,6.15625,-0.21875,0.21875,0.03431372543637063,False,"{'prompt': 'The antonym of ""fast"" is', 'correct_token': ' slow', 'incorrect_token': ' fast', 'mode': 'zero'}",graph,,True
ablation_zero,3,12,"[4447, 40178, 39488, 71563]",6.375,5.75,-0.625,0.625,0.09803921553248751,False,"{'prompt': 'The antonym of ""fast"" is', 'correct_token': ' slow', 'incorrect_token': ' fast', 'mode': 'zero'}",graph,,True
ablation_zero,3,13,"[54591, 72758, 74172, 132137, 145452]",6.375,5.0,-1.375,1.375,0.21568627417147251,False,"{'prompt': 'The antonym of ""fast"" is', 'correct_token': ' slow', 'incorrect_token': ' fast', 'mode': 'zero'}",graph,,True
ablation_zero,3,14,"[57525, 111183, 59886, 106824]",6.375,6.03125,-0.34375,0.34375,0.05392156854286813,False,"{'prompt': 'The antonym of ""fast"" is', 'correct_token': ' slow', 'incorrect_token': ' fast', 'mode': 'zero'}",graph,,True
ablation_zero,3,15,"[24958, 28063, 16555]",6.375,6.84375,0.46875,0.46875,0.07352941164936563,False,"{'prompt': 'The antonym of ""fast"" is', 'correct_token': ' slow', 'incorrect_token': ' fast', 'mode': 'zero'}",graph,,True
ablation_zero,3,16,[101500],6.375,5.9375,-0.4375,0.4375,0.06862745087274126,False,"{'prompt': 'The antonym of ""fast"" is', 'correct_token': ' slow', 'incorrect_token': ' fast', 'mode': 'zero'}",graph,,True
ablation_zero,3,17,"[124447, 108538]",6.375,7.21875,0.84375,0.84375,0.13235294096885813,False,"{'prompt': 'The antonym of ""fast"" is', 'correct_token': ' slow', 'incorrect_token': ' fast', 'mode': 'zero'}",graph,,True
ablation_zero,3,18,"[149556, 106139]",6.375,6.46875,0.09375,0.09375,0.014705882329873125,False,"{'prompt': 'The antonym of ""fast"" is', 'correct_token': ' slow', 'incorrect_token': ' fast', 'mode': 'zero'}",graph,,True
ablation_zero,3,19,"[107296, 135640, 135988, 124778, 34170]",6.375,6.15625,-0.21875,0.21875,0.03431372543637063,False,"{'prompt': 'The antonym of ""fast"" is', 'correct_token': ' slow', 'incorrect_token': ' fast', 'mode': 'zero'}",graph,,True
ablation_zero,3,20,"[145235, 97102, 8575]",6.375,4.78125,-1.59375,1.59375,0.24999999960784314,False,"{'prompt': 'The antonym of ""fast"" is', 'correct_token': ' slow', 'incorrect_token': ' fast', 'mode': 'zero'}",graph,,True
ablation_zero,3,21,"[45934, 75521]",6.375,6.875,0.5,0.5,0.07843137242599,False,"{'prompt': 'The antonym of ""fast"" is', 'correct_token': ' slow', 'incorrect_token': ' fast', 'mode': 'zero'}",graph,,True
ablation_zero,3,22,[41906],6.375,5.125,-1.25,1.25,0.19607843106497502,False,"{'prompt': 'The antonym of ""fast"" is', 'correct_token': ' slow', 'incorrect_token': ' fast', 'mode': 'zero'}",graph,,True
ablation_zero,3,23,"[40170, 83865]",6.375,2.5,-3.875,3.875,0.6078431363014225,False,"{'prompt': 'The antonym of ""fast"" is', 'correct_token': ' slow', 'incorrect_token': ' fast', 'mode': 'zero'}",graph,,True
ablation_zero,3,24,"[49489, 34943]",6.375,4.6875,-1.6875,1.6875,0.26470588193771627,False,"{'prompt': 'The antonym of ""fast"" is', 'correct_token': ' slow', 'incorrect_token': ' fast', 'mode': 'zero'}",graph,,True
ablation_zero,3,25,"[121673, 27813]",6.375,3.25,-3.125,3.125,0.49019607766243756,False,"{'prompt': 'The antonym of ""fast"" is', 'correct_token': ' slow', 'incorrect_token': ' fast', 'mode': 'zero'}",graph,,True
ablation_zero,4,10,"[25281, 148569]",2.0,2.75,0.75,0.75,0.374999998125,False,"{'prompt': 'The antonym of ""clean"" is', 'correct_token': ' dirty', 'incorrect_token': ' clean', 'mode': 'zero'}",graph,,True
ablation_zero,4,11,"[59878, 46537, 107914]",2.0,1.5625,-0.4375,0.4375,0.21874999890625002,False,"{'prompt': 'The antonym of ""clean"" is', 'correct_token': ' dirty', 'incorrect_token': ' clean', 'mode': 'zero'}",graph,,True
ablation_zero,4,12,"[4447, 39488, 40178, 71563]",2.0,-0.25,-2.25,2.25,1.124999994375,True,"{'prompt': 'The antonym of ""clean"" is', 'correct_token': ' dirty', 'incorrect_token': ' clean', 'mode': 'zero'}",graph,,True
ablation_zero,4,13,"[74172, 54591, 72758, 145452, 132137]",2.0,1.25,-0.75,0.75,0.374999998125,False,"{'prompt': 'The antonym of ""clean"" is', 'correct_token': ' dirty', 'incorrect_token': ' clean', 'mode': 'zero'}",graph,,True
ablation_zero,4,14,"[57525, 111183, 106824, 59886]",2.0,3.1875,1.1875,1.1875,0.5937499970312501,False,"{'prompt': 'The antonym of ""clean"" is', 'correct_token': ' dirty', 'incorrect_token': ' clean', 'mode': 'zero'}",graph,,True
ablation_zero,4,15,"[24958, 28063, 16555]",2.0,1.4375,-0.5625,0.5625,0.28124999859375,False,"{'prompt': 'The antonym of ""clean"" is', 'correct_token': ' dirty', 'incorrect_token': ' clean', 'mode': 'zero'}",graph,,True
ablation_zero,4,16,[101500],2.0,1.9375,-0.0625,0.0625,0.03124999984375,False,"{'prompt': 'The antonym of ""clean"" is', 'correct_token': ' dirty', 'incorrect_token': ' clean', 'mode': 'zero'}",graph,,True
ablation_zero,4,17,"[124447, 108538]",2.0,3.75,1.75,1.75,0.8749999956250001,False,"{'prompt': 'The antonym of ""clean"" is', 'correct_token': ' dirty', 'incorrect_token': ' clean', 'mode': 'zero'}",graph,,True
ablation_zero,4,18,"[149556, 106139]",2.0,1.625,-0.375,0.375,0.1874999990625,False,"{'prompt': 'The antonym of ""clean"" is', 'correct_token': ' dirty', 'incorrect_token': ' clean', 'mode': 'zero'}",graph,,True
ablation_zero,4,19,"[107296, 135640, 135988, 124778, 34170]",2.0,2.75,0.75,0.75,0.374999998125,False,"{'prompt': 'The antonym of ""clean"" is', 'correct_token': ' dirty', 'incorrect_token': ' clean', 'mode': 'zero'}",graph,,True
ablation_zero,4,20,"[97102, 145235, 8575]",2.0,1.5625,-0.4375,0.4375,0.21874999890625002,False,"{'prompt': 'The antonym of ""clean"" is', 'correct_token': ' dirty', 'incorrect_token': ' clean', 'mode': 'zero'}",graph,,True
ablation_zero,4,21,"[45934, 75521]",2.0,3.0625,1.0625,1.0625,0.53124999734375,False,"{'prompt': 'The antonym of ""clean"" is', 'correct_token': ' dirty', 'incorrect_token': ' clean', 'mode': 'zero'}",graph,,True
ablation_zero,4,22,[41906],2.0,1.625,-0.375,0.375,0.1874999990625,False,"{'prompt': 'The antonym of ""clean"" is', 'correct_token': ' dirty', 'incorrect_token': ' clean', 'mode': 'zero'}",graph,,True
ablation_zero,4,23,"[83865, 40170]",2.0,0.25,-1.75,1.75,0.8749999956250001,False,"{'prompt': 'The antonym of ""clean"" is', 'correct_token': ' dirty', 'incorrect_token': ' clean', 'mode': 'zero'}",graph,,True
ablation_zero,4,24,"[49489, 34943]",2.0,3.0,1.0,1.0,0.4999999975,False,"{'prompt': 'The antonym of ""clean"" is', 'correct_token': ' dirty', 'incorrect_token': ' clean', 'mode': 'zero'}",graph,,True
ablation_zero,4,25,"[121673, 27813]",2.0,-1.9375,-3.9375,3.9375,1.9687499901562502,True,"{'prompt': 'The antonym of ""clean"" is', 'correct_token': ' dirty', 'incorrect_token': ' clean', 'mode': 'zero'}",graph,,True
ablation_zero,5,10,"[25281, 148569]",6.0,6.8125,0.8125,0.8125,0.13541666644097222,False,"{'prompt': '""early"" is the opposite of', 'correct_token': ' late', 'incorrect_token': ' early', 'mode': 'zero'}",graph,,True
ablation_zero,5,11,"[59878, 46537, 107914]",6.0,5.5625,-0.4375,0.4375,0.07291666654513888,False,"{'prompt': '""early"" is the opposite of', 'correct_token': ' late', 'incorrect_token': ' early', 'mode': 'zero'}",graph,,True
ablation_zero,5,12,"[4447, 39488, 40178, 71563]",6.0,5.75,-0.25,0.25,0.04166666659722222,False,"{'prompt': '""early"" is the opposite of', 'correct_token': ' late', 'incorrect_token': ' early', 'mode': 'zero'}",graph,,True
ablation_zero,5,13,"[72758, 74172, 145452, 54591, 132137]",6.0,5.5625,-0.4375,0.4375,0.07291666654513888,False,"{'prompt': '""early"" is the opposite of', 'correct_token': ' late', 'incorrect_token': ' early', 'mode': 'zero'}",graph,,True
ablation_zero,5,14,"[57525, 111183, 59886, 106824]",6.0,6.25,0.25,0.25,0.04166666659722222,False,"{'prompt': '""early"" is the opposite of', 'correct_token': ' late', 'incorrect_token': ' early', 'mode': 'zero'}",graph,,True
ablation_zero,5,15,"[24958, 28063, 16555]",6.0,5.625,-0.375,0.375,0.06249999989583333,False,"{'prompt': '""early"" is the opposite of', 'correct_token': ' late', 'incorrect_token': ' early', 'mode': 'zero'}",graph,,True
ablation_zero,5,16,[101500],6.0,5.65625,-0.34375,0.34375,0.05729166657118056,False,"{'prompt': '""early"" is the opposite of', 'correct_token': ' late', 'incorrect_token': ' early', 'mode': 'zero'}",graph,,True
ablation_zero,5,17,"[124447, 108538]",6.0,5.90625,-0.09375,0.09375,0.015624999973958333,False,"{'prompt': '""early"" is the opposite of', 'correct_token': ' late', 'incorrect_token': ' early', 'mode': 'zero'}",graph,,True
ablation_zero,5,18,"[149556, 106139]",6.0,5.84375,-0.15625,0.15625,0.02604166662326389,False,"{'prompt': '""early"" is the opposite of', 'correct_token': ' late', 'incorrect_token': ' early', 'mode': 'zero'}",graph,,True
ablation_zero,5,19,"[107296, 135640, 135988, 124778, 34170]",6.0,6.0625,0.0625,0.0625,0.010416666649305555,False,"{'prompt': '""early"" is the opposite of', 'correct_token': ' late', 'incorrect_token': ' early', 'mode': 'zero'}",graph,,True
ablation_zero,5,20,"[145235, 97102, 8575]",6.0,6.75,0.75,0.75,0.12499999979166666,False,"{'prompt': '""early"" is the opposite of', 'correct_token': ' late', 'incorrect_token': ' early', 'mode': 'zero'}",graph,,True
ablation_zero,5,21,"[45934, 75521]",6.0,5.84375,-0.15625,0.15625,0.02604166662326389,False,"{'prompt': '""early"" is the opposite of', 'correct_token': ' late', 'incorrect_token': ' early', 'mode': 'zero'}",graph,,True
ablation_zero,5,22,[41906],6.0,5.96875,-0.03125,0.03125,0.005208333324652778,False,"{'prompt': '""early"" is the opposite of', 'correct_token': ' late', 'incorrect_token': ' early', 'mode': 'zero'}",graph,,True
ablation_zero,5,23,"[40170, 83865]",6.0,6.46875,0.46875,0.46875,0.07812499986979167,False,"{'prompt': '""early"" is the opposite of', 'correct_token': ' late', 'incorrect_token': ' early', 'mode': 'zero'}",graph,,True
ablation_zero,5,24,"[49489, 34943]",6.0,5.6875,-0.3125,0.3125,0.05208333324652778,False,"{'prompt': '""early"" is the opposite of', 'correct_token': ' late', 'incorrect_token': ' early', 'mode': 'zero'}",graph,,True
ablation_zero,5,25,"[27813, 121673]",6.0,6.3125,0.3125,0.3125,0.05208333324652778,False,"{'prompt': '""early"" is the opposite of', 'correct_token': ' late', 'incorrect_token': ' early', 'mode': 'zero'}",graph,,True
ablation_zero,6,10,"[25281, 148569]",6.65625,6.21875,-0.4375,0.4375,0.06572769943177059,False,"{'prompt': 'The antonym of ""small"" is', 'correct_token': ' large', 'incorrect_token': ' small', 'mode': 'zero'}",graph,,True
ablation_zero,6,11,"[59878, 107914, 46537]",6.65625,6.46875,-0.1875,0.1875,0.0281690140421874,False,"{'prompt': 'The antonym of ""small"" is', 'correct_token': ' large', 'incorrect_token': ' small', 'mode': 'zero'}",graph,,True
ablation_zero,6,12,"[4447, 39488, 40178, 71563]",6.65625,5.75,-0.90625,0.90625,0.1361502345372391,False,"{'prompt': 'The antonym of ""small"" is', 'correct_token': ' large', 'incorrect_token': ' small', 'mode': 'zero'}",graph,,True
ablation_zero,6,13,"[54591, 74172, 132137, 72758, 145452]",6.65625,6.28125,-0.375,0.375,0.0563380280843748,False,"{'prompt': 'The antonym of ""small"" is', 'correct_token': ' large', 'incorrect_token': ' small', 'mode': 'zero'}",graph,,True
ablation_zero,6,14,"[57525, 111183, 106824, 59886]",6.65625,6.34375,-0.3125,0.3125,0.046948356736978995,False,"{'prompt': 'The antonym of ""small"" is', 'correct_token': ' large', 'incorrect_token': ' small', 'mode': 'zero'}",graph,,True
ablation_zero,6,15,"[24958, 28063, 16555]",6.65625,6.875,0.21875,0.21875,0.032863849715885296,False,"{'prompt': 'The antonym of ""small"" is', 'correct_token': ' large', 'incorrect_token': ' small', 'mode': 'zero'}",graph,,True
ablation_zero,6,16,[101500],6.65625,6.34375,-0.3125,0.3125,0.046948356736978995,False,"{'prompt': 'The antonym of ""small"" is', 'correct_token': ' large', 'incorrect_token': ' small', 'mode': 'zero'}",graph,,True
ablation_zero,6,17,"[124447, 108538]",6.65625,7.8125,1.15625,1.15625,0.17370891992682228,False,"{'prompt': 'The antonym of ""small"" is', 'correct_token': ' large', 'incorrect_token': ' small', 'mode': 'zero'}",graph,,True
ablation_zero,6,18,"[149556, 106139]",6.65625,6.5625,-0.09375,0.09375,0.0140845070210937,False,"{'prompt': 'The antonym of ""small"" is', 'correct_token': ' large', 'incorrect_token': ' small', 'mode': 'zero'}",graph,,True
ablation_zero,6,19,"[107296, 135640, 135988, 124778, 34170]",6.65625,6.96875,0.3125,0.3125,0.046948356736978995,False,"{'prompt': 'The antonym of ""small"" is', 'correct_token': ' large', 'incorrect_token': ' small', 'mode': 'zero'}",graph,,True
ablation_zero,6,20,"[145235, 97102, 8575]",6.65625,6.90625,0.25,0.25,0.037558685389583193,False,"{'prompt': 'The antonym of ""small"" is', 'correct_token': ' large', 'incorrect_token': ' small', 'mode': 'zero'}",graph,,True
ablation_zero,6,21,"[45934, 75521]",6.65625,7.0,0.34375,0.34375,0.05164319241067689,False,"{'prompt': 'The antonym of ""small"" is', 'correct_token': ' large', 'incorrect_token': ' small', 'mode': 'zero'}",graph,,True
ablation_zero,6,22,[41906],6.65625,5.15625,-1.5,1.5,0.2253521123374992,False,"{'prompt': 'The antonym of ""small"" is', 'correct_token': ' large', 'incorrect_token': ' small', 'mode': 'zero'}",graph,,True
ablation_zero,6,23,"[40170, 83865]",6.65625,5.09375,-1.5625,1.5625,0.23474178368489498,False,"{'prompt': 'The antonym of ""small"" is', 'correct_token': ' large', 'incorrect_token': ' small', 'mode': 'zero'}",graph,,True
ablation_zero,6,24,"[49489, 34943]",6.65625,4.625,-2.03125,2.03125,0.3051643187903635,False,"{'prompt': 'The antonym of ""small"" is', 'correct_token': ' large', 'incorrect_token': ' small', 'mode': 'zero'}",graph,,True
ablation_zero,6,25,"[121673, 27813]",6.65625,5.21875,-1.4375,1.4375,0.21596244099010337,False,"{'prompt': 'The antonym of ""small"" is', 'correct_token': ' large', 'incorrect_token': ' small', 'mode': 'zero'}",graph,,True
ablation_zero,7,10,"[25281, 148569]",7.15625,7.40625,0.25,0.25,0.03493449776777712,False,"{'prompt': '""loud"" is the opposite of', 'correct_token': ' quiet', 'incorrect_token': ' loud', 'mode': 'zero'}",graph,,True
ablation_zero,7,11,"[59878, 46537, 107914]",7.15625,6.90625,-0.25,0.25,0.03493449776777712,False,"{'prompt': '""loud"" is the opposite of', 'correct_token': ' quiet', 'incorrect_token': ' loud', 'mode': 'zero'}",graph,,True
ablation_zero,7,12,"[4447, 39488, 40178, 71563]",7.15625,6.4375,-0.71875,0.71875,0.10043668108235923,False,"{'prompt': '""loud"" is the opposite of', 'correct_token': ' quiet', 'incorrect_token': ' loud', 'mode': 'zero'}",graph,,True
ablation_zero,7,13,"[72758, 74172, 145452, 54591, 132137]",7.15625,6.375,-0.78125,0.78125,0.1091703055243035,False,"{'prompt': '""loud"" is the opposite of', 'correct_token': ' quiet', 'incorrect_token': ' loud', 'mode': 'zero'}",graph,,True
ablation_zero,7,14,"[57525, 111183, 59886, 106824]",7.15625,7.09375,-0.0625,0.0625,0.00873362444194428,False,"{'prompt': '""loud"" is the opposite of', 'correct_token': ' quiet', 'incorrect_token': ' loud', 'mode': 'zero'}",graph,,True
ablation_zero,7,15,"[24958, 28063, 16555]",7.15625,6.5,-0.65625,0.65625,0.09170305664041495,False,"{'prompt': '""loud"" is the opposite of', 'correct_token': ' quiet', 'incorrect_token': ' loud', 'mode': 'zero'}",graph,,True
ablation_zero,7,16,[101500],7.15625,6.53125,-0.625,0.625,0.08733624441944281,False,"{'prompt': '""loud"" is the opposite of', 'correct_token': ' quiet', 'incorrect_token': ' loud', 'mode': 'zero'}",graph,,True
ablation_zero,7,17,"[108538, 124447]",7.15625,5.875,-1.28125,1.28125,0.17903930105985774,False,"{'prompt': '""loud"" is the opposite of', 'correct_token': ' quiet', 'incorrect_token': ' loud', 'mode': 'zero'}",graph,,True
ablation_zero,7,18,"[149556, 106139]",7.15625,6.59375,-0.5625,0.5625,0.07860261997749853,False,"{'prompt': '""loud"" is the opposite of', 'correct_token': ' quiet', 'incorrect_token': ' loud', 'mode': 'zero'}",graph,,True
ablation_zero,7,19,"[107296, 135640, 124778, 135988, 34170]",7.15625,7.625,0.46875,0.46875,0.0655021833145821,False,"{'prompt': '""loud"" is the opposite of', 'correct_token': ' quiet', 'incorrect_token': ' loud', 'mode': 'zero'}",graph,,True
ablation_zero,7,20,"[97102, 145235, 8575]",7.15625,8.125,0.96875,0.96875,0.13537117885013636,False,"{'prompt': '""loud"" is the opposite of', 'correct_token': ' quiet', 'incorrect_token': ' loud', 'mode': 'zero'}",graph,,True
ablation_zero,7,21,"[45934, 75521]",7.15625,7.1875,0.03125,0.03125,0.00436681222097214,False,"{'prompt': '""loud"" is the opposite of', 'correct_token': ' quiet', 'incorrect_token': ' loud', 'mode': 'zero'}",graph,,True
ablation_zero,7,22,[41906],7.15625,6.84375,-0.3125,0.3125,0.043668122209721404,False,"{'prompt': '""loud"" is the opposite of', 'correct_token': ' quiet', 'incorrect_token': ' loud', 'mode': 'zero'}",graph,,True
ablation_zero,7,23,"[83865, 40170]",7.15625,7.53125,0.375,0.375,0.05240174665166568,False,"{'prompt': '""loud"" is the opposite of', 'correct_token': ' quiet', 'incorrect_token': ' loud', 'mode': 'zero'}",graph,,True
ablation_zero,7,24,"[49489, 34943]",7.15625,7.125,-0.03125,0.03125,0.00436681222097214,False,"{'prompt': '""loud"" is the opposite of', 'correct_token': ' quiet', 'incorrect_token': ' loud', 'mode': 'zero'}",graph,,True
ablation_zero,7,25,"[27813, 121673]",7.15625,8.5625,1.40625,1.40625,0.1965065499437463,False,"{'prompt': '""loud"" is the opposite of', 'correct_token': ' quiet', 'incorrect_token': ' loud', 'mode': 'zero'}",graph,,True
ablation_zero,8,10,"[25281, 148569]",5.65625,7.375,1.71875,1.71875,0.303867402777693,False,"{'prompt': '""dark"" is the antonym of', 'correct_token': ' light', 'incorrect_token': ' dark', 'mode': 'zero'}",graph,,True
ablation_zero,8,11,"[59878, 46537, 107914]",5.65625,5.625,-0.03125,0.03125,0.0055248618686853275,False,"{'prompt': '""dark"" is the antonym of', 'correct_token': ' light', 'incorrect_token': ' dark', 'mode': 'zero'}",graph,,True
ablation_zero,8,12,"[40178, 4447, 39488, 71563]",5.65625,6.25,0.59375,0.59375,0.10497237550502121,False,"{'prompt': '""dark"" is the antonym of', 'correct_token': ' light', 'incorrect_token': ' dark', 'mode': 'zero'}",graph,,True
ablation_zero,8,13,"[74172, 72758, 54591, 145452, 132137]",5.65625,5.75,0.09375,0.09375,0.016574585606055982,False,"{'prompt': '""dark"" is the antonym of', 'correct_token': ' light', 'incorrect_token': ' dark', 'mode': 'zero'}",graph,,True
ablation_zero,8,14,"[57525, 111183, 59886, 106824]",5.65625,6.75,1.09375,1.09375,0.19337016540398644,False,"{'prompt': '""dark"" is the antonym of', 'correct_token': ' light', 'incorrect_token': ' dark', 'mode': 'zero'}",graph,,True
ablation_zero,8,15,"[28063, 24958, 16555]",5.65625,5.3125,-0.34375,0.34375,0.0607734805555386,False,"{'prompt': '""dark"" is the antonym of', 'correct_token': ' light', 'incorrect_token': ' dark', 'mode': 'zero'}",graph,,True
ablation_zero,8,16,[101500],5.65625,5.59375,-0.0625,0.0625,0.011049723737370655,False,"{'prompt': '""dark"" is the antonym of', 'correct_token': ' light', 'incorrect_token': ' dark', 'mode': 'zero'}",graph,,True
ablation_zero,8,17,"[108538, 124447]",5.65625,5.96875,0.3125,0.3125,0.05524861868685327,False,"{'prompt': '""dark"" is the antonym of', 'correct_token': ' light', 'incorrect_token': ' dark', 'mode': 'zero'}",graph,,True
ablation_zero,8,18,"[149556, 106139]",5.65625,4.875,-0.78125,0.78125,0.13812154671713317,False,"{'prompt': '""dark"" is the antonym of', 'correct_token': ' light', 'incorrect_token': ' dark', 'mode': 'zero'}",graph,,True
ablation_zero,8,19,"[107296, 135640, 124778, 135988, 34170]",5.65625,5.75,0.09375,0.09375,0.016574585606055982,False,"{'prompt': '""dark"" is the antonym of', 'correct_token': ' light', 'incorrect_token': ' dark', 'mode': 'zero'}",graph,,True
ablation_zero,8,20,"[145235, 97102, 8575]",5.65625,5.71875,0.0625,0.0625,0.011049723737370655,False,"{'prompt': '""dark"" is the antonym of', 'correct_token': ' light', 'incorrect_token': ' dark', 'mode': 'zero'}",graph,,True
ablation_zero,8,21,"[45934, 75521]",5.65625,5.09375,-0.5625,0.5625,0.09944751363633589,False,"{'prompt': '""dark"" is the antonym of', 'correct_token': ' light', 'incorrect_token': ' dark', 'mode': 'zero'}",graph,,True
ablation_zero,8,22,[41906],5.65625,5.34375,-0.3125,0.3125,0.05524861868685327,False,"{'prompt': '""dark"" is the antonym of', 'correct_token': ' light', 'incorrect_token': ' dark', 'mode': 'zero'}",graph,,True
ablation_zero,8,23,"[40170, 83865]",5.65625,6.65625,1.0,1.0,0.17679557979793048,False,"{'prompt': '""dark"" is the antonym of', 'correct_token': ' light', 'incorrect_token': ' dark', 'mode': 'zero'}",graph,,True
ablation_zero,8,24,"[49489, 34943]",5.65625,6.0625,0.40625,0.40625,0.07182320429290925,False,"{'prompt': '""dark"" is the antonym of', 'correct_token': ' light', 'incorrect_token': ' dark', 'mode': 'zero'}",graph,,True
ablation_zero,8,25,"[27813, 121673]",5.65625,6.3125,0.65625,0.65625,0.11602209924239187,False,"{'prompt': '""dark"" is the antonym of', 'correct_token': ' light', 'incorrect_token': ' dark', 'mode': 'zero'}",graph,,True
ablation_zero,9,10,"[25281, 148569]",2.8125,6.65625,3.84375,3.84375,1.3666666618074075,False,"{'prompt': '""easy"" is the opposite of', 'correct_token': ' hard', 'incorrect_token': ' easy', 'mode': 'zero'}",graph,,True
ablation_zero,9,11,"[59878, 46537, 107914]",2.8125,3.15625,0.34375,0.34375,0.12222222178765432,False,"{'prompt': '""easy"" is the opposite of', 'correct_token': ' hard', 'incorrect_token': ' easy', 'mode': 'zero'}",graph,,True
ablation_zero,9,12,"[4447, 39488, 40178, 71563]",2.8125,5.5625,2.75,2.75,0.9777777743012346,False,"{'prompt': '""easy"" is the opposite of', 'correct_token': ' hard', 'incorrect_token': ' easy', 'mode': 'zero'}",graph,,True
ablation_zero,9,13,"[74172, 72758, 145452, 54591, 132137]",2.8125,3.1875,0.375,0.375,0.13333333285925927,False,"{'prompt': '""easy"" is the opposite of', 'correct_token': ' hard', 'incorrect_token': ' easy', 'mode': 'zero'}",graph,,True
ablation_zero,9,14,"[57525, 111183, 59886, 106824]",2.8125,3.1875,0.375,0.375,0.13333333285925927,False,"{'prompt': '""easy"" is the opposite of', 'correct_token': ' hard', 'incorrect_token': ' easy', 'mode': 'zero'}",graph,,True
ablation_zero,9,15,"[24958, 28063, 16555]",2.8125,2.625,-0.1875,0.1875,0.06666666642962964,False,"{'prompt': '""easy"" is the opposite of', 'correct_token': ' hard', 'incorrect_token': ' easy', 'mode': 'zero'}",graph,,True
ablation_zero,9,16,[101500],2.8125,3.0625,0.25,0.25,0.08888888857283951,False,"{'prompt': '""easy"" is the opposite of', 'correct_token': ' hard', 'incorrect_token': ' easy', 'mode': 'zero'}",graph,,True
ablation_zero,9,17,"[108538, 124447]",2.8125,4.15625,1.34375,1.34375,0.47777777607901234,False,"{'prompt': '""easy"" is the opposite of', 'correct_token': ' hard', 'incorrect_token': ' easy', 'mode': 'zero'}",graph,,True
ablation_zero,9,18,"[149556, 106139]",2.8125,2.3125,-0.5,0.5,0.17777777714567902,False,"{'prompt': '""easy"" is the opposite of', 'correct_token': ' hard', 'incorrect_token': ' easy', 'mode': 'zero'}",graph,,True
ablation_zero,9,19,"[107296, 135640, 135988, 124778, 34170]",2.8125,1.75,-1.0625,1.0625,0.3777777764345679,False,"{'prompt': '""easy"" is the opposite of', 'correct_token': ' hard', 'incorrect_token': ' easy', 'mode': 'zero'}",graph,,True
ablation_zero,9,20,"[145235, 97102, 8575]",2.8125,3.5625,0.75,0.75,0.26666666571851855,False,"{'prompt': '""easy"" is the opposite of', 'correct_token': ' hard', 'incorrect_token': ' easy', 'mode': 'zero'}",graph,,True
ablation_zero,9,21,"[45934, 75521]",2.8125,3.65625,0.84375,0.84375,0.29999999893333334,False,"{'prompt': '""easy"" is the opposite of', 'correct_token': ' hard', 'incorrect_token': ' easy', 'mode': 'zero'}",graph,,True
ablation_zero,9,22,[41906],2.8125,2.75,-0.0625,0.0625,0.022222222143209878,False,"{'prompt': '""easy"" is the opposite of', 'correct_token': ' hard', 'incorrect_token': ' easy', 'mode': 'zero'}",graph,,True
ablation_zero,9,23,"[40170, 83865]",2.8125,4.125,1.3125,1.3125,0.46666666500740744,False,"{'prompt': '""easy"" is the opposite of', 'correct_token': ' hard', 'incorrect_token': ' easy', 'mode': 'zero'}",graph,,True
ablation_zero,9,24,"[34943, 49489]",2.8125,3.4375,0.625,0.625,0.22222222143209877,False,"{'prompt': '""easy"" is the opposite of', 'correct_token': ' hard', 'incorrect_token': ' easy', 'mode': 'zero'}",graph,,True
ablation_zero,9,25,"[27813, 121673]",2.8125,2.1875,-0.625,0.625,0.22222222143209877,False,"{'prompt': '""easy"" is the opposite of', 'correct_token': ' hard', 'incorrect_token': ' easy', 'mode': 'zero'}",graph,,True
ablation_zero,10,10,"[25281, 148569]",9.125,8.3125,-0.8125,0.8125,0.08904109579283166,False,"{'prompt': 'The antonym of ""cheap"" is', 'correct_token': ' expensive', 'incorrect_token': ' cheap', 'mode': 'zero'}",graph,,True
ablation_zero,10,11,"[59878, 46537, 107914]",9.125,8.1875,-0.9375,0.9375,0.10273972591480578,False,"{'prompt': 'The antonym of ""cheap"" is', 'correct_token': ' expensive', 'incorrect_token': ' cheap', 'mode': 'zero'}",graph,,True
ablation_zero,10,12,"[4447, 40178, 39488, 71563]",9.125,7.625,-1.5,1.5,0.16438356146368924,False,"{'prompt': 'The antonym of ""cheap"" is', 'correct_token': ' expensive', 'incorrect_token': ' cheap', 'mode': 'zero'}",graph,,True
ablation_zero,10,13,"[74172, 54591, 72758, 145452, 132137]",9.125,7.5,-1.625,1.625,0.17808219158566332,False,"{'prompt': 'The antonym of ""cheap"" is', 'correct_token': ' expensive', 'incorrect_token': ' cheap', 'mode': 'zero'}",graph,,True
ablation_zero,10,14,"[57525, 111183, 106824, 59886]",9.125,9.5,0.375,0.375,0.04109589036592231,False,"{'prompt': 'The antonym of ""cheap"" is', 'correct_token': ' expensive', 'incorrect_token': ' cheap', 'mode': 'zero'}",graph,,True
ablation_zero,10,15,"[24958, 28063, 16555]",9.125,9.625,0.5,0.5,0.05479452048789641,False,"{'prompt': 'The antonym of ""cheap"" is', 'correct_token': ' expensive', 'incorrect_token': ' cheap', 'mode': 'zero'}",graph,,True
ablation_zero,10,16,[101500],9.125,8.6875,-0.4375,0.4375,0.04794520542690936,False,"{'prompt': 'The antonym of ""cheap"" is', 'correct_token': ' expensive', 'incorrect_token': ' cheap', 'mode': 'zero'}",graph,,True
ablation_zero,10,17,"[124447, 108538]",9.125,9.75,0.625,0.625,0.06849315060987052,False,"{'prompt': 'The antonym of ""cheap"" is', 'correct_token': ' expensive', 'incorrect_token': ' cheap', 'mode': 'zero'}",graph,,True
ablation_zero,10,18,"[149556, 106139]",9.125,8.75,-0.375,0.375,0.04109589036592231,False,"{'prompt': 'The antonym of ""cheap"" is', 'correct_token': ' expensive', 'incorrect_token': ' cheap', 'mode': 'zero'}",graph,,True
ablation_zero,10,19,"[107296, 135640, 135988, 124778, 34170]",9.125,8.75,-0.375,0.375,0.04109589036592231,False,"{'prompt': 'The antonym of ""cheap"" is', 'correct_token': ' expensive', 'incorrect_token': ' cheap', 'mode': 'zero'}",graph,,True
ablation_zero,10,20,"[145235, 97102, 8575]",9.125,8.1875,-0.9375,0.9375,0.10273972591480578,False,"{'prompt': 'The antonym of ""cheap"" is', 'correct_token': ' expensive', 'incorrect_token': ' cheap', 'mode': 'zero'}",graph,,True
ablation_zero,10,21,"[45934, 75521]",9.125,9.125,0.0,0.0,0.0,False,"{'prompt': 'The antonym of ""cheap"" is', 'correct_token': ' expensive', 'incorrect_token': ' cheap', 'mode': 'zero'}",graph,,True
ablation_zero,10,22,[41906],9.125,7.3125,-1.8125,1.8125,0.19863013676862448,False,"{'prompt': 'The antonym of ""cheap"" is', 'correct_token': ' expensive', 'incorrect_token': ' cheap', 'mode': 'zero'}",graph,,True
ablation_zero,10,23,"[40170, 83865]",9.125,6.5625,-2.5625,2.5625,0.2808219175004691,False,"{'prompt': 'The antonym of ""cheap"" is', 'correct_token': ' expensive', 'incorrect_token': ' cheap', 'mode': 'zero'}",graph,,True
ablation_zero,10,24,"[49489, 34943]",9.125,6.75,-2.375,2.375,0.26027397231750793,False,"{'prompt': 'The antonym of ""cheap"" is', 'correct_token': ' expensive', 'incorrect_token': ' cheap', 'mode': 'zero'}",graph,,True
ablation_zero,10,25,"[121673, 27813]",9.125,6.75,-2.375,2.375,0.26027397231750793,False,"{'prompt': 'The antonym of ""cheap"" is', 'correct_token': ' expensive', 'incorrect_token': ' cheap', 'mode': 'zero'}",graph,,True
ablation_zero,11,10,"[25281, 148569]",6.875,9.375,2.5,2.5,0.363636363107438,False,"{'prompt': '""fast"" is the opposite of', 'correct_token': ' slow', 'incorrect_token': ' fast', 'mode': 'zero'}",graph,,True
ablation_zero,11,11,"[59878, 46537, 107914]",6.875,6.75,-0.125,0.125,0.018181818155371902,False,"{'prompt': '""fast"" is the opposite of', 'correct_token': ' slow', 'incorrect_token': ' fast', 'mode': 'zero'}",graph,,True
ablation_zero,11,12,"[4447, 39488, 40178, 71563]",6.875,7.15625,0.28125,0.28125,0.04090909084958678,False,"{'prompt': '""fast"" is the opposite of', 'correct_token': ' slow', 'incorrect_token': ' fast', 'mode': 'zero'}",graph,,True
ablation_zero,11,13,"[72758, 74172, 145452, 54591, 132137]",6.875,5.53125,-1.34375,1.34375,0.19545454517024793,False,"{'prompt': '""fast"" is the opposite of', 'correct_token': ' slow', 'incorrect_token': ' fast', 'mode': 'zero'}",graph,,True
ablation_zero,11,14,"[57525, 111183, 59886, 106824]",6.875,7.1875,0.3125,0.3125,0.04545454538842975,False,"{'prompt': '""fast"" is the opposite of', 'correct_token': ' slow', 'incorrect_token': ' fast', 'mode': 'zero'}",graph,,True
ablation_zero,11,15,"[24958, 28063, 16555]",6.875,6.03125,-0.84375,0.84375,0.12272727254876033,False,"{'prompt': '""fast"" is the opposite of', 'correct_token': ' slow', 'incorrect_token': ' fast', 'mode': 'zero'}",graph,,True
ablation_zero,11,16,[101500],6.875,7.3125,0.4375,0.4375,0.06363636354380166,False,"{'prompt': '""fast"" is the opposite of', 'correct_token': ' slow', 'incorrect_token': ' fast', 'mode': 'zero'}",graph,,True
ablation_zero,11,17,"[108538, 124447]",6.875,6.71875,-0.15625,0.15625,0.022727272694214876,False,"{'prompt': '""fast"" is the opposite of', 'correct_token': ' slow', 'incorrect_token': ' fast', 'mode': 'zero'}",graph,,True
ablation_zero,11,18,"[149556, 106139]",6.875,6.03125,-0.84375,0.84375,0.12272727254876033,False,"{'prompt': '""fast"" is the opposite of', 'correct_token': ' slow', 'incorrect_token': ' fast', 'mode': 'zero'}",graph,,True
ablation_zero,11,19,"[107296, 135640, 135988, 124778, 34170]",6.875,7.4375,0.5625,0.5625,0.08181818169917356,False,"{'prompt': '""fast"" is the opposite of', 'correct_token': ' slow', 'incorrect_token': ' fast', 'mode': 'zero'}",graph,,True
ablation_zero,11,20,"[145235, 97102, 8575]",6.875,7.28125,0.40625,0.40625,0.059090909004958676,False,"{'prompt': '""fast"" is the opposite of', 'correct_token': ' slow', 'incorrect_token': ' fast', 'mode': 'zero'}",graph,,True
ablation_zero,11,21,"[45934, 75521]",6.875,7.375,0.5,0.5,0.07272727262148761,False,"{'prompt': '""fast"" is the opposite of', 'correct_token': ' slow', 'incorrect_token': ' fast', 'mode': 'zero'}",graph,,True
ablation_zero,11,22,[41906],6.875,7.4375,0.5625,0.5625,0.08181818169917356,False,"{'prompt': '""fast"" is the opposite of', 'correct_token': ' slow', 'incorrect_token': ' fast', 'mode': 'zero'}",graph,,True
ablation_zero,11,23,"[83865, 40170]",6.875,7.5,0.625,0.625,0.0909090907768595,False,"{'prompt': '""fast"" is the opposite of', 'correct_token': ' slow', 'incorrect_token': ' fast', 'mode': 'zero'}",graph,,True
ablation_zero,11,24,"[34943, 49489]",6.875,7.8125,0.9375,0.9375,0.13636363616528926,False,"{'prompt': '""fast"" is the opposite of', 'correct_token': ' slow', 'incorrect_token': ' fast', 'mode': 'zero'}",graph,,True
ablation_zero,11,25,"[27813, 121673]",6.875,7.375,0.5,0.5,0.07272727262148761,False,"{'prompt': '""fast"" is the opposite of', 'correct_token': ' slow', 'incorrect_token': ' fast', 'mode': 'zero'}",graph,,True
ablation_zero,12,10,"[25281, 148569]",7.375,8.5625,1.1875,1.1875,0.1610169489342143,False,"{'prompt': '""high"" is the antonym of', 'correct_token': ' low', 'incorrect_token': ' high', 'mode': 'zero'}",graph,,True
ablation_zero,12,11,"[59878, 46537, 107914]",7.375,7.46875,0.09375,0.09375,0.012711864389543234,False,"{'prompt': '""high"" is the antonym of', 'correct_token': ' low', 'incorrect_token': ' high', 'mode': 'zero'}",graph,,True
ablation_zero,12,12,"[40178, 4447, 39488, 71563]",7.375,7.8125,0.4375,0.4375,0.05932203381786843,False,"{'prompt': '""high"" is the antonym of', 'correct_token': ' low', 'incorrect_token': ' high', 'mode': 'zero'}",graph,,True
ablation_zero,12,13,"[72758, 74172, 54591, 145452, 132137]",7.375,7.0,-0.375,0.375,0.05084745755817294,False,"{'prompt': '""high"" is the antonym of', 'correct_token': ' low', 'incorrect_token': ' high', 'mode': 'zero'}",graph,,True
ablation_zero,12,14,"[57525, 111183, 59886, 106824]",7.375,7.71875,0.34375,0.34375,0.046610169428325195,False,"{'prompt': '""high"" is the antonym of', 'correct_token': ' low', 'incorrect_token': ' high', 'mode': 'zero'}",graph,,True
ablation_zero,12,15,"[24958, 28063, 16555]",7.375,7.25,-0.125,0.125,0.01694915251939098,False,"{'prompt': '""high"" is the antonym of', 'correct_token': ' low', 'incorrect_token': ' high', 'mode': 'zero'}",graph,,True
ablation_zero,12,16,[101500],7.375,7.59375,0.21875,0.21875,0.029661016908934214,False,"{'prompt': '""high"" is the antonym of', 'correct_token': ' low', 'incorrect_token': ' high', 'mode': 'zero'}",graph,,True
ablation_zero,12,17,"[108538, 124447]",7.375,8.1875,0.8125,0.8125,0.11016949137604137,False,"{'prompt': '""high"" is the antonym of', 'correct_token': ' low', 'incorrect_token': ' high', 'mode': 'zero'}",graph,,True
ablation_zero,12,18,"[149556, 106139]",7.375,7.125,-0.25,0.25,0.03389830503878196,False,"{'prompt': '""high"" is the antonym of', 'correct_token': ' low', 'incorrect_token': ' high', 'mode': 'zero'}",graph,,True
ablation_zero,12,19,"[135640, 107296, 124778, 135988, 34170]",7.375,7.46875,0.09375,0.09375,0.012711864389543234,False,"{'prompt': '""high"" is the antonym of', 'correct_token': ' low', 'incorrect_token': ' high', 'mode': 'zero'}",graph,,True
ablation_zero,12,20,"[145235, 97102, 8575]",7.375,7.5625,0.1875,0.1875,0.02542372877908647,False,"{'prompt': '""high"" is the antonym of', 'correct_token': ' low', 'incorrect_token': ' high', 'mode': 'zero'}",graph,,True
ablation_zero,12,21,"[45934, 75521]",7.375,6.71875,-0.65625,0.65625,0.08898305072680264,False,"{'prompt': '""high"" is the antonym of', 'correct_token': ' low', 'incorrect_token': ' high', 'mode': 'zero'}",graph,,True
ablation_zero,12,22,[41906],7.375,7.28125,-0.09375,0.09375,0.012711864389543234,False,"{'prompt': '""high"" is the antonym of', 'correct_token': ' low', 'incorrect_token': ' high', 'mode': 'zero'}",graph,,True
ablation_zero,12,23,"[40170, 83865]",7.375,7.53125,0.15625,0.15625,0.021186440649238726,False,"{'prompt': '""high"" is the antonym of', 'correct_token': ' low', 'incorrect_token': ' high', 'mode': 'zero'}",graph,,True
ablation_zero,12,24,"[49489, 34943]",7.375,7.46875,0.09375,0.09375,0.012711864389543234,False,"{'prompt': '""high"" is the antonym of', 'correct_token': ' low', 'incorrect_token': ' high', 'mode': 'zero'}",graph,,True
ablation_zero,12,25,"[27813, 121673]",7.375,7.3125,-0.0625,0.0625,0.00847457625969549,False,"{'prompt': '""high"" is the antonym of', 'correct_token': ' low', 'incorrect_token': ' high', 'mode': 'zero'}",graph,,True
ablation_zero,13,10,"[25281, 148569]",5.21875,6.375,1.15625,1.15625,0.22155688580300478,False,"{'prompt': 'The opposite of ""long"" is', 'correct_token': ' short', 'incorrect_token': ' long', 'mode': 'zero'}",graph,,True
ablation_zero,13,11,"[59878, 107914, 46537]",5.21875,4.5,-0.71875,0.71875,0.13772455063430025,False,"{'prompt': 'The opposite of ""long"" is', 'correct_token': ' short', 'incorrect_token': ' long', 'mode': 'zero'}",graph,,True
ablation_zero,13,12,"[4447, 39488, 40178, 71563]",5.21875,2.28125,-2.9375,2.9375,0.5628742504184445,False,"{'prompt': 'The opposite of ""long"" is', 'correct_token': ' short', 'incorrect_token': ' long', 'mode': 'zero'}",graph,,True
ablation_zero,13,13,"[72758, 145452, 74172, 54591, 132137]",5.21875,5.21875,0.0,0.0,0.0,False,"{'prompt': 'The opposite of ""long"" is', 'correct_token': ' short', 'incorrect_token': ' long', 'mode': 'zero'}",graph,,True
ablation_zero,13,14,"[57525, 111183, 59886, 106824]",5.21875,4.125,-1.09375,1.09375,0.20958083792176127,False,"{'prompt': 'The opposite of ""long"" is', 'correct_token': ' short', 'incorrect_token': ' long', 'mode': 'zero'}",graph,,True
ablation_zero,13,15,"[24958, 28063, 16555]",5.21875,5.15625,-0.0625,0.0625,0.011976047881243502,False,"{'prompt': 'The opposite of ""long"" is', 'correct_token': ' short', 'incorrect_token': ' long', 'mode': 'zero'}",graph,,True
ablation_zero,13,16,[101500],5.21875,5.0,-0.21875,0.21875,0.04191616758435225,False,"{'prompt': 'The opposite of ""long"" is', 'correct_token': ' short', 'incorrect_token': ' long', 'mode': 'zero'}",graph,,True
ablation_zero,13,17,"[124447, 108538]",5.21875,6.34375,1.125,1.125,0.21556886186238303,False,"{'prompt': 'The opposite of ""long"" is', 'correct_token': ' short', 'incorrect_token': ' long', 'mode': 'zero'}",graph,,True
ablation_zero,13,18,"[149556, 106139]",5.21875,6.125,0.90625,0.90625,0.17365269427803076,False,"{'prompt': 'The opposite of ""long"" is', 'correct_token': ' short', 'incorrect_token': ' long', 'mode': 'zero'}",graph,,True
ablation_zero,13,19,"[107296, 135640, 135988, 124778, 34170]",5.21875,6.3125,1.09375,1.09375,0.20958083792176127,False,"{'prompt': 'The opposite of ""long"" is', 'correct_token': ' short', 'incorrect_token': ' long', 'mode': 'zero'}",graph,,True
ablation_zero,13,20,"[145235, 97102, 8575]",5.21875,3.34375,-1.875,1.875,0.35928143643730504,False,"{'prompt': 'The opposite of ""long"" is', 'correct_token': ' short', 'incorrect_token': ' long', 'mode': 'zero'}",graph,,True
ablation_zero,13,21,"[45934, 75521]",5.21875,5.34375,0.125,0.125,0.023952095762487004,False,"{'prompt': 'The opposite of ""long"" is', 'correct_token': ' short', 'incorrect_token': ' long', 'mode': 'zero'}",graph,,True
ablation_zero,13,22,[41906],5.21875,4.59375,-0.625,0.625,0.11976047881243501,False,"{'prompt': 'The opposite of ""long"" is', 'correct_token': ' short', 'incorrect_token': ' long', 'mode': 'zero'}",graph,,True
ablation_zero,13,23,"[83865, 40170]",5.21875,4.625,-0.59375,0.59375,0.11377245487181326,False,"{'prompt': 'The opposite of ""long"" is', 'correct_token': ' short', 'incorrect_token': ' long', 'mode': 'zero'}",graph,,True
ablation_zero,13,24,"[49489, 34943]",5.21875,5.65625,0.4375,0.4375,0.0838323351687045,False,"{'prompt': 'The opposite of ""long"" is', 'correct_token': ' short', 'incorrect_token': ' long', 'mode': 'zero'}",graph,,True
ablation_zero,13,25,"[121673, 27813]",5.21875,3.75,-1.46875,1.46875,0.28143712520922226,False,"{'prompt': 'The opposite of ""long"" is', 'correct_token': ' short', 'incorrect_token': ' long', 'mode': 'zero'}",graph,,True
ablation_zero,14,10,"[25281, 148569]",7.84375,8.5,0.65625,0.65625,0.08366533853875335,False,"{'prompt': 'The opposite of ""cheap"" is', 'correct_token': ' expensive', 'incorrect_token': ' cheap', 'mode': 'zero'}",graph,,True
ablation_zero,14,11,"[59878, 46537, 107914]",7.84375,6.5625,-1.28125,1.28125,0.16334661333756606,False,"{'prompt': 'The opposite of ""cheap"" is', 'correct_token': ' expensive', 'incorrect_token': ' cheap', 'mode': 'zero'}",graph,,True
ablation_zero,14,12,"[4447, 39488, 40178, 71563]",7.84375,6.75,-1.09375,1.09375,0.13944223089792226,False,"{'prompt': 'The opposite of ""cheap"" is', 'correct_token': ' expensive', 'incorrect_token': ' cheap', 'mode': 'zero'}",graph,,True
ablation_zero,14,13,"[72758, 74172, 54591, 145452, 132137]",7.84375,7.4375,-0.40625,0.40625,0.051792828619228265,False,"{'prompt': 'The opposite of ""cheap"" is', 'correct_token': ' expensive', 'incorrect_token': ' cheap', 'mode': 'zero'}",graph,,True
ablation_zero,14,14,"[57525, 111183, 59886, 106824]",7.84375,7.125,-0.71875,0.71875,0.09163346601863463,False,"{'prompt': 'The opposite of ""cheap"" is', 'correct_token': ' expensive', 'incorrect_token': ' cheap', 'mode': 'zero'}",graph,,True
ablation_zero,14,15,"[24958, 28063, 16555]",7.84375,9.25,1.40625,1.40625,0.17928286829732862,False,"{'prompt': 'The opposite of ""cheap"" is', 'correct_token': ' expensive', 'incorrect_token': ' cheap', 'mode': 'zero'}",graph,,True
ablation_zero,14,16,[101500],7.84375,7.96875,0.125,0.125,0.015936254959762544,False,"{'prompt': 'The opposite of ""cheap"" is', 'correct_token': ' expensive', 'incorrect_token': ' cheap', 'mode': 'zero'}",graph,,True
ablation_zero,14,17,"[124447, 108538]",7.84375,7.90625,0.0625,0.0625,0.007968127479881272,False,"{'prompt': 'The opposite of ""cheap"" is', 'correct_token': ' expensive', 'incorrect_token': ' cheap', 'mode': 'zero'}",graph,,True
ablation_zero,14,18,"[149556, 106139]",7.84375,7.9375,0.09375,0.09375,0.011952191219821908,False,"{'prompt': 'The opposite of ""cheap"" is', 'correct_token': ' expensive', 'incorrect_token': ' cheap', 'mode': 'zero'}",graph,,True
ablation_zero,14,19,"[107296, 135640, 135988, 124778, 34170]",7.84375,7.25,-0.59375,0.59375,0.07569721105887209,False,"{'prompt': 'The opposite of ""cheap"" is', 'correct_token': ' expensive', 'incorrect_token': ' cheap', 'mode': 'zero'}",graph,,True
ablation_zero,14,20,"[145235, 97102, 8575]",7.84375,7.0,-0.84375,0.84375,0.10756972097839716,False,"{'prompt': 'The opposite of ""cheap"" is', 'correct_token': ' expensive', 'incorrect_token': ' cheap', 'mode': 'zero'}",graph,,True
ablation_zero,14,21,"[45934, 75521]",7.84375,8.0,0.15625,0.15625,0.01992031869970318,False,"{'prompt': 'The opposite of ""cheap"" is', 'correct_token': ' expensive', 'incorrect_token': ' cheap', 'mode': 'zero'}",graph,,True
ablation_zero,14,22,[41906],7.84375,6.75,-1.09375,1.09375,0.13944223089792226,False,"{'prompt': 'The opposite of ""cheap"" is', 'correct_token': ' expensive', 'incorrect_token': ' cheap', 'mode': 'zero'}",graph,,True
ablation_zero,14,23,"[40170, 83865]",7.84375,6.5,-1.34375,1.34375,0.17131474081744735,False,"{'prompt': 'The opposite of ""cheap"" is', 'correct_token': ' expensive', 'incorrect_token': ' cheap', 'mode': 'zero'}",graph,,True
ablation_zero,14,24,"[49489, 34943]",7.84375,5.9375,-1.90625,1.90625,0.2430278881363788,False,"{'prompt': 'The opposite of ""cheap"" is', 'correct_token': ' expensive', 'incorrect_token': ' cheap', 'mode': 'zero'}",graph,,True
ablation_zero,14,25,"[121673, 27813]",7.84375,6.78125,-1.0625,1.0625,0.13545816715798162,False,"{'prompt': 'The opposite of ""cheap"" is', 'correct_token': ' expensive', 'incorrect_token': ' cheap', 'mode': 'zero'}",graph,,True
ablation_zero,15,10,"[25281, 148569]",1.5625,0.25,-1.3125,1.3125,0.8399999946240001,False,"{'prompt': 'The antonym of ""empty"" is', 'correct_token': ' full', 'incorrect_token': ' empty', 'mode': 'zero'}",graph,,True
ablation_zero,15,11,"[59878, 46537, 107914]",1.5625,2.1875,0.625,0.625,0.39999999744000003,False,"{'prompt': 'The antonym of ""empty"" is', 'correct_token': ' full', 'incorrect_token': ' empty', 'mode': 'zero'}",graph,,True
ablation_zero,15,12,"[4447, 39488, 40178, 71563]",1.5625,-1.9375,-3.5,3.5,2.2399999856640003,True,"{'prompt': 'The antonym of ""empty"" is', 'correct_token': ' full', 'incorrect_token': ' empty', 'mode': 'zero'}",graph,,True
ablation_zero,15,13,"[54591, 74172, 72758, 145452, 132137]",1.5625,0.875,-0.6875,0.6875,0.439999997184,False,"{'prompt': 'The antonym of ""empty"" is', 'correct_token': ' full', 'incorrect_token': ' empty', 'mode': 'zero'}",graph,,True
ablation_zero,15,14,"[57525, 111183, 106824, 59886]",1.5625,2.0625,0.5,0.5,0.319999997952,False,"{'prompt': 'The antonym of ""empty"" is', 'correct_token': ' full', 'incorrect_token': ' empty', 'mode': 'zero'}",graph,,True
ablation_zero,15,15,"[24958, 28063, 16555]",1.5625,1.75,0.1875,0.1875,0.11999999923200001,False,"{'prompt': 'The antonym of ""empty"" is', 'correct_token': ' full', 'incorrect_token': ' empty', 'mode': 'zero'}",graph,,True
ablation_zero,15,16,[101500],1.5625,1.5,-0.0625,0.0625,0.039999999744,False,"{'prompt': 'The antonym of ""empty"" is', 'correct_token': ' full', 'incorrect_token': ' empty', 'mode': 'zero'}",graph,,True
ablation_zero,15,17,"[124447, 108538]",1.5625,5.8125,4.25,4.25,2.7199999825920003,False,"{'prompt': 'The antonym of ""empty"" is', 'correct_token': ' full', 'incorrect_token': ' empty', 'mode': 'zero'}",graph,,True
ablation_zero,15,18,"[149556, 106139]",1.5625,3.125,1.5625,1.5625,0.9999999936,False,"{'prompt': 'The antonym of ""empty"" is', 'correct_token': ' full', 'incorrect_token': ' empty', 'mode': 'zero'}",graph,,True
ablation_zero,15,19,"[107296, 135640, 135988, 124778, 34170]",1.5625,2.875,1.3125,1.3125,0.8399999946240001,False,"{'prompt': 'The antonym of ""empty"" is', 'correct_token': ' full', 'incorrect_token': ' empty', 'mode': 'zero'}",graph,,True
ablation_zero,15,20,"[145235, 97102, 8575]",1.5625,0.3125,-1.25,1.25,0.7999999948800001,False,"{'prompt': 'The antonym of ""empty"" is', 'correct_token': ' full', 'incorrect_token': ' empty', 'mode': 'zero'}",graph,,True
ablation_zero,15,21,"[45934, 75521]",1.5625,4.0625,2.5,2.5,1.5999999897600001,False,"{'prompt': 'The antonym of ""empty"" is', 'correct_token': ' full', 'incorrect_token': ' empty', 'mode': 'zero'}",graph,,True
ablation_zero,15,22,[41906],1.5625,-0.6875,-2.25,2.25,1.4399999907840002,True,"{'prompt': 'The antonym of ""empty"" is', 'correct_token': ' full', 'incorrect_token': ' empty', 'mode': 'zero'}",graph,,True
ablation_zero,15,23,"[40170, 83865]",1.5625,-1.375,-2.9375,2.9375,1.879999987968,True,"{'prompt': 'The antonym of ""empty"" is', 'correct_token': ' full', 'incorrect_token': ' empty', 'mode': 'zero'}",graph,,True
ablation_zero,15,24,"[49489, 34943]",1.5625,-1.0625,-2.625,2.625,1.6799999892480002,True,"{'prompt': 'The antonym of ""empty"" is', 'correct_token': ' full', 'incorrect_token': ' empty', 'mode': 'zero'}",graph,,True
ablation_zero,15,25,"[121673, 27813]",1.5625,-1.5,-3.0625,3.0625,1.9599999874560001,True,"{'prompt': 'The antonym of ""empty"" is', 'correct_token': ' full', 'incorrect_token': ' empty', 'mode': 'zero'}",graph,,True
ablation_zero,16,10,"[25281, 148569]",3.5625,3.96875,0.40625,0.40625,0.11403508739919975,False,"{'prompt': 'The opposite of ""early"" is', 'correct_token': ' late', 'incorrect_token': ' early', 'mode': 'zero'}",graph,,True
ablation_zero,16,11,"[59878, 46537, 107914]",3.5625,2.75,-0.8125,0.8125,0.2280701747983995,False,"{'prompt': 'The opposite of ""early"" is', 'correct_token': ' late', 'incorrect_token': ' early', 'mode': 'zero'}",graph,,True
ablation_zero,16,12,"[4447, 39488, 71563, 40178]",3.5625,2.3125,-1.25,1.25,0.3508771919975377,False,"{'prompt': 'The opposite of ""early"" is', 'correct_token': ' late', 'incorrect_token': ' early', 'mode': 'zero'}",graph,,True
ablation_zero,16,13,"[74172, 72758, 54591, 145452, 132137]",3.5625,3.4375,-0.125,0.125,0.03508771919975377,False,"{'prompt': 'The opposite of ""early"" is', 'correct_token': ' late', 'incorrect_token': ' early', 'mode': 'zero'}",graph,,True
ablation_zero,16,14,"[57525, 111183, 59886, 106824]",3.5625,3.0,-0.5625,0.5625,0.15789473639889198,False,"{'prompt': 'The opposite of ""early"" is', 'correct_token': ' late', 'incorrect_token': ' early', 'mode': 'zero'}",graph,,True
ablation_zero,16,15,"[24958, 28063, 16555]",3.5625,3.625,0.0625,0.0625,0.017543859599876886,False,"{'prompt': 'The opposite of ""early"" is', 'correct_token': ' late', 'incorrect_token': ' early', 'mode': 'zero'}",graph,,True
ablation_zero,16,16,[101500],3.5625,3.53125,-0.03125,0.03125,0.008771929799938443,False,"{'prompt': 'The opposite of ""early"" is', 'correct_token': ' late', 'incorrect_token': ' early', 'mode': 'zero'}",graph,,True
ablation_zero,16,17,"[124447, 108538]",3.5625,4.40625,0.84375,0.84375,0.23684210459833796,False,"{'prompt': 'The opposite of ""early"" is', 'correct_token': ' late', 'incorrect_token': ' early', 'mode': 'zero'}",graph,,True
ablation_zero,16,18,"[149556, 106139]",3.5625,4.625,1.0625,1.0625,0.29824561319790704,False,"{'prompt': 'The opposite of ""early"" is', 'correct_token': ' late', 'incorrect_token': ' early', 'mode': 'zero'}",graph,,True
ablation_zero,16,19,"[107296, 135640, 135988, 124778, 34170]",3.5625,4.0,0.4375,0.4375,0.1228070171991382,False,"{'prompt': 'The opposite of ""early"" is', 'correct_token': ' late', 'incorrect_token': ' early', 'mode': 'zero'}",graph,,True
ablation_zero,16,20,"[145235, 97102, 8575]",3.5625,2.9375,-0.625,0.625,0.17543859599876885,False,"{'prompt': 'The opposite of ""early"" is', 'correct_token': ' late', 'incorrect_token': ' early', 'mode': 'zero'}",graph,,True
ablation_zero,16,21,"[45934, 75521]",3.5625,3.25,-0.3125,0.3125,0.08771929799938442,False,"{'prompt': 'The opposite of ""early"" is', 'correct_token': ' late', 'incorrect_token': ' early', 'mode': 'zero'}",graph,,True
ablation_zero,16,22,[41906],3.5625,2.75,-0.8125,0.8125,0.2280701747983995,False,"{'prompt': 'The opposite of ""early"" is', 'correct_token': ' late', 'incorrect_token': ' early', 'mode': 'zero'}",graph,,True
ablation_zero,16,23,"[40170, 83865]",3.5625,3.15625,-0.40625,0.40625,0.11403508739919975,False,"{'prompt': 'The opposite of ""early"" is', 'correct_token': ' late', 'incorrect_token': ' early', 'mode': 'zero'}",graph,,True
ablation_zero,16,24,"[49489, 34943]",3.5625,2.9375,-0.625,0.625,0.17543859599876885,False,"{'prompt': 'The opposite of ""early"" is', 'correct_token': ' late', 'incorrect_token': ' early', 'mode': 'zero'}",graph,,True
ablation_zero,16,25,"[121673, 27813]",3.5625,1.5625,-2.0,2.0,0.5614035071960604,False,"{'prompt': 'The opposite of ""early"" is', 'correct_token': ' late', 'incorrect_token': ' early', 'mode': 'zero'}",graph,,True
ablation_zero,17,10,"[25281, 148569]",4.1875,4.75,0.5625,0.5625,0.13432835788817107,False,"{'prompt': 'The opposite of ""sharp"" is', 'correct_token': ' dull', 'incorrect_token': ' sharp', 'mode': 'zero'}",graph,,True
ablation_zero,17,11,"[59878, 46537, 107914]",4.1875,3.5,-0.6875,0.6875,0.16417910408554243,False,"{'prompt': 'The opposite of ""sharp"" is', 'correct_token': ' dull', 'incorrect_token': ' sharp', 'mode': 'zero'}",graph,,True
ablation_zero,17,12,"[4447, 39488, 40178, 71563]",4.1875,3.9375,-0.25,0.25,0.059701492394742706,False,"{'prompt': 'The opposite of ""sharp"" is', 'correct_token': ' dull', 'incorrect_token': ' sharp', 'mode': 'zero'}",graph,,True
ablation_zero,17,13,"[72758, 145452, 74172, 54591, 132137]",4.1875,3.9375,-0.25,0.25,0.059701492394742706,False,"{'prompt': 'The opposite of ""sharp"" is', 'correct_token': ' dull', 'incorrect_token': ' sharp', 'mode': 'zero'}",graph,,True
ablation_zero,17,14,"[57525, 111183, 59886, 106824]",4.1875,3.375,-0.8125,0.8125,0.19402985028291378,False,"{'prompt': 'The opposite of ""sharp"" is', 'correct_token': ' dull', 'incorrect_token': ' sharp', 'mode': 'zero'}",graph,,True
ablation_zero,17,15,"[24958, 28063, 16555]",4.1875,4.8125,0.625,0.625,0.14925373098685676,False,"{'prompt': 'The opposite of ""sharp"" is', 'correct_token': ' dull', 'incorrect_token': ' sharp', 'mode': 'zero'}",graph,,True
ablation_zero,17,16,[101500],4.1875,5.0625,0.875,0.875,0.20895522338159947,False,"{'prompt': 'The opposite of ""sharp"" is', 'correct_token': ' dull', 'incorrect_token': ' sharp', 'mode': 'zero'}",graph,,True
ablation_zero,17,17,"[124447, 108538]",4.1875,4.75,0.5625,0.5625,0.13432835788817107,False,"{'prompt': 'The opposite of ""sharp"" is', 'correct_token': ' dull', 'incorrect_token': ' sharp', 'mode': 'zero'}",graph,,True
ablation_zero,17,18,"[149556, 106139]",4.1875,4.375,0.1875,0.1875,0.04477611929605703,False,"{'prompt': 'The opposite of ""sharp"" is', 'correct_token': ' dull', 'incorrect_token': ' sharp', 'mode': 'zero'}",graph,,True
ablation_zero,17,19,"[107296, 135640, 135988, 124778, 34170]",4.1875,4.78125,0.59375,0.59375,0.14179104443751392,False,"{'prompt': 'The opposite of ""sharp"" is', 'correct_token': ' dull', 'incorrect_token': ' sharp', 'mode': 'zero'}",graph,,True
ablation_zero,17,20,"[145235, 97102, 8575]",4.1875,2.875,-1.3125,1.3125,0.3134328350723992,False,"{'prompt': 'The opposite of ""sharp"" is', 'correct_token': ' dull', 'incorrect_token': ' sharp', 'mode': 'zero'}",graph,,True
ablation_zero,17,21,"[45934, 75521]",4.1875,4.5,0.3125,0.3125,0.07462686549342838,False,"{'prompt': 'The opposite of ""sharp"" is', 'correct_token': ' dull', 'incorrect_token': ' sharp', 'mode': 'zero'}",graph,,True
ablation_zero,17,22,[41906],4.1875,4.75,0.5625,0.5625,0.13432835788817107,False,"{'prompt': 'The opposite of ""sharp"" is', 'correct_token': ' dull', 'incorrect_token': ' sharp', 'mode': 'zero'}",graph,,True
ablation_zero,17,23,"[83865, 40170]",4.1875,3.59375,-0.59375,0.59375,0.14179104443751392,False,"{'prompt': 'The opposite of ""sharp"" is', 'correct_token': ' dull', 'incorrect_token': ' sharp', 'mode': 'zero'}",graph,,True
ablation_zero,17,24,"[49489, 34943]",4.1875,1.875,-2.3125,2.3125,0.55223880465137,False,"{'prompt': 'The opposite of ""sharp"" is', 'correct_token': ' dull', 'incorrect_token': ' sharp', 'mode': 'zero'}",graph,,True
ablation_zero,17,25,"[121673, 27813]",4.1875,0.5,-3.6875,3.6875,0.880597012822455,False,"{'prompt': 'The opposite of ""sharp"" is', 'correct_token': ' dull', 'incorrect_token': ' sharp', 'mode': 'zero'}",graph,,True
ablation_zero,18,10,"[25281, 148569]",3.0625,3.1875,0.125,0.125,0.04081632639733444,False,"{'prompt': 'The opposite of ""easy"" is', 'correct_token': ' hard', 'incorrect_token': ' easy', 'mode': 'zero'}",graph,,True
ablation_zero,18,11,"[59878, 46537, 107914]",3.0625,2.75,-0.3125,0.3125,0.10204081599333611,False,"{'prompt': 'The opposite of ""easy"" is', 'correct_token': ' hard', 'incorrect_token': ' easy', 'mode': 'zero'}",graph,,True
ablation_zero,18,12,"[4447, 39488, 40178, 71563]",3.0625,1.8125,-1.25,1.25,0.40816326397334446,False,"{'prompt': 'The opposite of ""easy"" is', 'correct_token': ' hard', 'incorrect_token': ' easy', 'mode': 'zero'}",graph,,True
ablation_zero,18,13,"[72758, 54591, 132137, 74172, 145452]",3.0625,4.03125,0.96875,0.96875,0.31632652957934193,False,"{'prompt': 'The opposite of ""easy"" is', 'correct_token': ' hard', 'incorrect_token': ' easy', 'mode': 'zero'}",graph,,True
ablation_zero,18,14,"[57525, 111183, 59886, 106824]",3.0625,2.25,-0.8125,0.8125,0.2653061215826739,False,"{'prompt': 'The opposite of ""easy"" is', 'correct_token': ' hard', 'incorrect_token': ' easy', 'mode': 'zero'}",graph,,True
ablation_zero,18,15,"[24958, 28063, 16555]",3.0625,2.4375,-0.625,0.625,0.20408163198667223,False,"{'prompt': 'The opposite of ""easy"" is', 'correct_token': ' hard', 'incorrect_token': ' easy', 'mode': 'zero'}",graph,,True
ablation_zero,18,16,[101500],3.0625,3.84375,0.78125,0.78125,0.2551020399833403,False,"{'prompt': 'The opposite of ""easy"" is', 'correct_token': ' hard', 'incorrect_token': ' easy', 'mode': 'zero'}",graph,,True
ablation_zero,18,17,"[124447, 108538]",3.0625,3.25,0.1875,0.1875,0.061224489596001665,False,"{'prompt': 'The opposite of ""easy"" is', 'correct_token': ' hard', 'incorrect_token': ' easy', 'mode': 'zero'}",graph,,True
ablation_zero,18,18,"[149556, 106139]",3.0625,3.78125,0.71875,0.71875,0.23469387678467307,False,"{'prompt': 'The opposite of ""easy"" is', 'correct_token': ' hard', 'incorrect_token': ' easy', 'mode': 'zero'}",graph,,True
ablation_zero,18,19,"[135640, 107296, 135988, 124778, 34170]",3.0625,3.0625,0.0,0.0,0.0,False,"{'prompt': 'The opposite of ""easy"" is', 'correct_token': ' hard', 'incorrect_token': ' easy', 'mode': 'zero'}",graph,,True
ablation_zero,18,20,"[145235, 97102, 8575]",3.0625,2.3125,-0.75,0.75,0.24489795838400666,False,"{'prompt': 'The opposite of ""easy"" is', 'correct_token': ' hard', 'incorrect_token': ' easy', 'mode': 'zero'}",graph,,True
ablation_zero,18,21,"[45934, 75521]",3.0625,2.75,-0.3125,0.3125,0.10204081599333611,False,"{'prompt': 'The opposite of ""easy"" is', 'correct_token': ' hard', 'incorrect_token': ' easy', 'mode': 'zero'}",graph,,True
ablation_zero,18,22,[41906],3.0625,1.6875,-1.375,1.375,0.4489795903706789,False,"{'prompt': 'The opposite of ""easy"" is', 'correct_token': ' hard', 'incorrect_token': ' easy', 'mode': 'zero'}",graph,,True
ablation_zero,18,23,"[40170, 83865]",3.0625,2.65625,-0.40625,0.40625,0.13265306079133696,False,"{'prompt': 'The opposite of ""easy"" is', 'correct_token': ' hard', 'incorrect_token': ' easy', 'mode': 'zero'}",graph,,True
ablation_zero,18,24,"[49489, 34943]",3.0625,3.1875,0.125,0.125,0.04081632639733444,False,"{'prompt': 'The opposite of ""easy"" is', 'correct_token': ' hard', 'incorrect_token': ' easy', 'mode': 'zero'}",graph,,True
ablation_zero,18,25,"[121673, 27813]",3.0625,1.6875,-1.375,1.375,0.4489795903706789,False,"{'prompt': 'The opposite of ""easy"" is', 'correct_token': ' hard', 'incorrect_token': ' easy', 'mode': 'zero'}",graph,,True
ablation_zero,19,10,"[25281, 148569]",4.9375,4.75,-0.1875,0.1875,0.03797468346739305,False,"{'prompt': 'The antonym of ""happy"" is', 'correct_token': ' sad', 'incorrect_token': ' happy', 'mode': 'zero'}",graph,,True
ablation_zero,19,11,"[59878, 46537, 107914]",4.9375,5.25,0.3125,0.3125,0.06329113911232175,False,"{'prompt': 'The antonym of ""happy"" is', 'correct_token': ' sad', 'incorrect_token': ' happy', 'mode': 'zero'}",graph,,True
ablation_zero,19,12,"[4447, 39488, 40178, 71563]",4.9375,3.75,-1.1875,1.1875,0.24050632862682264,False,"{'prompt': 'The antonym of ""happy"" is', 'correct_token': ' sad', 'incorrect_token': ' happy', 'mode': 'zero'}",graph,,True
ablation_zero,19,13,"[54591, 74172, 72758, 132137, 145452]",4.9375,5.09375,0.15625,0.15625,0.03164556955616087,False,"{'prompt': 'The antonym of ""happy"" is', 'correct_token': ' sad', 'incorrect_token': ' happy', 'mode': 'zero'}",graph,,True
ablation_zero,19,14,"[57525, 111183, 106824, 59886]",4.9375,5.40625,0.46875,0.46875,0.09493670866848261,False,"{'prompt': 'The antonym of ""happy"" is', 'correct_token': ' sad', 'incorrect_token': ' happy', 'mode': 'zero'}",graph,,True
ablation_zero,19,15,"[24958, 28063, 16555]",4.9375,3.625,-1.3125,1.3125,0.2658227842717513,False,"{'prompt': 'The antonym of ""happy"" is', 'correct_token': ' sad', 'incorrect_token': ' happy', 'mode': 'zero'}",graph,,True
ablation_zero,19,16,[101500],4.9375,5.71875,0.78125,0.78125,0.15822784778080437,False,"{'prompt': 'The antonym of ""happy"" is', 'correct_token': ' sad', 'incorrect_token': ' happy', 'mode': 'zero'}",graph,,True
ablation_zero,19,17,"[124447, 108538]",4.9375,5.65625,0.71875,0.71875,0.14556961995834,False,"{'prompt': 'The antonym of ""happy"" is', 'correct_token': ' sad', 'incorrect_token': ' happy', 'mode': 'zero'}",graph,,True
ablation_zero,19,18,"[149556, 106139]",4.9375,3.8125,-1.125,1.125,0.22784810080435827,False,"{'prompt': 'The antonym of ""happy"" is', 'correct_token': ' sad', 'incorrect_token': ' happy', 'mode': 'zero'}",graph,,True
ablation_zero,19,19,"[107296, 135640, 135988, 124778, 34170]",4.9375,4.9375,0.0,0.0,0.0,False,"{'prompt': 'The antonym of ""happy"" is', 'correct_token': ' sad', 'incorrect_token': ' happy', 'mode': 'zero'}",graph,,True
ablation_zero,19,20,"[97102, 145235, 8575]",4.9375,3.6875,-1.25,1.25,0.253164556449287,False,"{'prompt': 'The antonym of ""happy"" is', 'correct_token': ' sad', 'incorrect_token': ' happy', 'mode': 'zero'}",graph,,True
ablation_zero,19,21,"[45934, 75521]",4.9375,5.125,0.1875,0.1875,0.03797468346739305,False,"{'prompt': 'The antonym of ""happy"" is', 'correct_token': ' sad', 'incorrect_token': ' happy', 'mode': 'zero'}",graph,,True
ablation_zero,19,22,[41906],4.9375,4.25,-0.6875,0.6875,0.13924050604710783,False,"{'prompt': 'The antonym of ""happy"" is', 'correct_token': ' sad', 'incorrect_token': ' happy', 'mode': 'zero'}",graph,,True
ablation_zero,19,23,"[83865, 40170]",4.9375,3.0625,-1.875,1.875,0.37974683467393044,False,"{'prompt': 'The antonym of ""happy"" is', 'correct_token': ' sad', 'incorrect_token': ' happy', 'mode': 'zero'}",graph,,True
ablation_zero,19,24,"[49489, 34943]",4.9375,3.375,-1.5625,1.5625,0.31645569556160874,False,"{'prompt': 'The antonym of ""happy"" is', 'correct_token': ' sad', 'incorrect_token': ' happy', 'mode': 'zero'}",graph,,True
ablation_zero,19,25,"[121673, 27813]",4.9375,2.5625,-2.375,2.375,0.4810126572536453,False,"{'prompt': 'The antonym of ""happy"" is', 'correct_token': ' sad', 'incorrect_token': ' happy', 'mode': 'zero'}",graph,,True
