prompt_idx,feature_id,layer,zone,contribution_to_correct,effect_size,data_source
0,L13_F63127,13,early,,,none
0,L14_F129011,14,early,,,none
0,L15_F127839,15,early,-0.59375,0.59375,ablation_zero
0,L16_F45664,16,early,-0.5254926681518555,0.5254926681518555,ablation_zero
0,L16_F76227,16,early,,,none
0,L17_F111317,17,mid,-0.5925788879394531,0.5925788879394531,ablation_zero
0,L17_F51924,17,mid,,,none
0,L18_F149556,18,mid,-0.75,0.75,ablation_zero
0,L18_F27853,18,mid,,,none
0,L19_F29102,19,mid,,,none
0,L20_F36426,20,mid,,,none
0,L21_F54492,21,mid,,,none
0,L22_F32734,22,mid,,,none
0,L22_F78043,22,mid,0.78125,-0.78125,ablation_zero
0,L23_F40170,23,late,0.0625,-0.0625,ablation_zero
0,L23_F6889,23,late,0.4375,-0.4375,ablation_zero
0,L24_F35447,24,late,0.4375,-0.4375,ablation_zero
0,L25_F43384,25,late,0.875,-0.875,ablation_zero
0,L25_F54011,25,late,0.9226236343383788,-0.9226236343383788,ablation_zero
0,L25_F90133,25,late,0.90625,-0.90625,ablation_zero
1,L13_F63127,13,early,,,none
1,L14_F129011,14,early,,,none
1,L15_F127839,15,early,-0.09375,0.09375,ablation_zero
1,L16_F45664,16,early,0.3567914962768554,-0.3567914962768554,ablation_zero
1,L16_F76227,16,early,,,none
1,L17_F111317,17,mid,-1.1311826705932615,1.1311826705932615,ablation_zero
1,L17_F51924,17,mid,,,none
1,L18_F149556,18,mid,0.21875,-0.21875,ablation_zero
1,L18_F27853,18,mid,,,none
1,L19_F29102,19,mid,,,none
1,L20_F36426,20,mid,,,none
1,L21_F54492,21,mid,,,none
1,L22_F32734,22,mid,,,none
1,L22_F78043,22,mid,1.65625,-1.65625,ablation_zero
1,L23_F40170,23,late,1.5625,-1.5625,ablation_zero
1,L23_F6889,23,late,1.59375,-1.59375,ablation_zero
1,L24_F35447,24,late,1.625,-1.625,ablation_zero
1,L25_F43384,25,late,1.9375,-1.9375,ablation_zero
1,L25_F54011,25,late,1.8037257194519043,-1.8037257194519043,ablation_zero
1,L25_F90133,25,late,1.8125,-1.8125,ablation_zero
2,L13_F63127,13,early,,,none
2,L14_F129011,14,early,,,none
2,L15_F127839,15,early,0.40625,-0.40625,ablation_zero
2,L16_F45664,16,early,-0.0505132675170898,0.0505132675170898,ablation_zero
2,L16_F76227,16,early,,,none
2,L17_F111317,17,mid,-0.3403944969177246,0.3403944969177246,ablation_zero
2,L17_F51924,17,mid,,,none
2,L18_F149556,18,mid,0.0625,-0.0625,ablation_zero
2,L18_F27853,18,mid,,,none
2,L19_F29102,19,mid,,,none
2,L20_F36426,20,mid,,,none
2,L21_F54492,21,mid,,,none
2,L22_F32734,22,mid,,,none
2,L22_F78043,22,mid,-0.65625,0.65625,ablation_zero
2,L23_F40170,23,late,0.28125,-0.28125,ablation_zero
2,L23_F6889,23,late,0.34375,-0.34375,ablation_zero
2,L24_F35447,24,late,0.125,-0.125,ablation_zero
2,L25_F43384,25,late,0.0625,-0.0625,ablation_zero
2,L25_F54011,25,late,0.1453261375427246,-0.1453261375427246,ablation_zero
2,L25_F90133,25,late,0.09375,-0.09375,ablation_zero
3,L13_F63127,13,early,,,none
3,L14_F129011,14,early,,,none
3,L15_F127839,15,early,0.15625,-0.15625,ablation_zero
3,L16_F45664,16,early,0.1288309097290039,-0.1288309097290039,ablation_zero
3,L16_F76227,16,early,,,none
3,L17_F111317,17,mid,-0.0692658424377441,0.0692658424377441,ablation_zero
3,L17_F51924,17,mid,,,none
3,L18_F149556,18,mid,0.125,-0.125,ablation_zero
3,L18_F27853,18,mid,,,none
3,L19_F29102,19,mid,,,none
3,L20_F36426,20,mid,,,none
3,L21_F54492,21,mid,,,none
3,L22_F32734,22,mid,,,none
3,L22_F78043,22,mid,-0.46875,0.46875,ablation_zero
3,L23_F40170,23,late,0.625,-0.625,ablation_zero
3,L23_F6889,23,late,0.46875,-0.46875,ablation_zero
3,L24_F35447,24,late,0.40625,-0.40625,ablation_zero
3,L25_F43384,25,late,0.125,-0.125,ablation_zero
3,L25_F54011,25,late,0.0942530632019043,-0.0942530632019043,ablation_zero
3,L25_F90133,25,late,0.125,-0.125,ablation_zero
4,L13_F63127,13,early,,,none
4,L14_F129011,14,early,,,none
4,L15_F127839,15,early,0.0625,-0.0625,ablation_zero
4,L16_F45664,16,early,0.539757251739502,-0.539757251739502,ablation_zero
4,L16_F76227,16,early,,,none
4,L17_F111317,17,mid,-0.565180778503418,0.565180778503418,ablation_zero
4,L17_F51924,17,mid,,,none
4,L18_F149556,18,mid,-0.0625,0.0625,ablation_zero
4,L18_F27853,18,mid,,,none
4,L19_F29102,19,mid,,,none
4,L20_F36426,20,mid,,,none
4,L21_F54492,21,mid,,,none
4,L22_F32734,22,mid,,,none
4,L22_F78043,22,mid,0.84375,-0.84375,ablation_zero
4,L23_F40170,23,late,0.3125,-0.3125,ablation_zero
4,L23_F6889,23,late,0.75,-0.75,ablation_zero
4,L24_F35447,24,late,1.5625,-1.5625,ablation_zero
4,L25_F43384,25,late,0.1875,-0.1875,ablation_zero
4,L25_F54011,25,late,0.0495929718017578,-0.0495929718017578,ablation_zero
4,L25_F90133,25,late,0.0625,-0.0625,ablation_zero
5,L13_F63127,13,early,,,none
5,L14_F129011,14,early,,,none
5,L15_F127839,15,early,-0.34375,0.34375,ablation_zero
5,L16_F45664,16,early,-0.4443907737731933,0.4443907737731933,ablation_zero
5,L16_F76227,16,early,,,none
5,L17_F111317,17,mid,-0.2358174324035644,0.2358174324035644,ablation_zero
5,L17_F51924,17,mid,,,none
5,L18_F149556,18,mid,-0.0625,0.0625,ablation_zero
5,L18_F27853,18,mid,,,none
5,L19_F29102,19,mid,,,none
5,L20_F36426,20,mid,,,none
5,L21_F54492,21,mid,,,none
5,L22_F32734,22,mid,,,none
5,L22_F78043,22,mid,0.34375,-0.34375,ablation_zero
5,L23_F40170,23,late,0.9375,-0.9375,ablation_zero
5,L23_F6889,23,late,0.96875,-0.96875,ablation_zero
5,L24_F35447,24,late,0.375,-0.375,ablation_zero
5,L25_F43384,25,late,-0.09375,0.09375,ablation_zero
5,L25_F54011,25,late,-0.2401762008666992,0.2401762008666992,ablation_zero
5,L25_F90133,25,late,-0.25,0.25,ablation_zero
6,L13_F63127,13,early,,,none
6,L14_F129011,14,early,,,none
6,L15_F127839,15,early,0.3125,-0.3125,ablation_zero
6,L16_F45664,16,early,0.0477972030639648,-0.0477972030639648,ablation_zero
6,L16_F76227,16,early,,,none
6,L17_F111317,17,mid,-0.0881414413452148,0.0881414413452148,ablation_zero
6,L17_F51924,17,mid,,,none
6,L18_F149556,18,mid,0.3125,-0.3125,ablation_zero
6,L18_F27853,18,mid,,,none
6,L19_F29102,19,mid,,,none
6,L20_F36426,20,mid,,,none
6,L21_F54492,21,mid,,,none
6,L22_F32734,22,mid,,,none
6,L22_F78043,22,mid,-0.375,0.375,ablation_zero
6,L23_F40170,23,late,-0.5625,0.5625,ablation_zero
6,L23_F6889,23,late,-0.4375,0.4375,ablation_zero
6,L24_F35447,24,late,-1.1875,1.1875,ablation_zero
6,L25_F43384,25,late,-0.0,0.0,ablation_zero
6,L25_F54011,25,late,0.1056833267211914,-0.1056833267211914,ablation_zero
6,L25_F90133,25,late,0.0625,-0.0625,ablation_zero
7,L13_F63127,13,early,,,none
7,L14_F129011,14,early,,,none
7,L15_F127839,15,early,0.5,-0.5,ablation_zero
7,L16_F45664,16,early,0.2410564422607422,-0.2410564422607422,ablation_zero
7,L16_F76227,16,early,,,none
7,L17_F111317,17,mid,0.5025882720947266,-0.5025882720947266,ablation_zero
7,L17_F51924,17,mid,,,none
7,L18_F149556,18,mid,-0.3125,0.3125,ablation_zero
7,L18_F27853,18,mid,,,none
7,L19_F29102,19,mid,,,none
7,L20_F36426,20,mid,,,none
7,L21_F54492,21,mid,,,none
7,L22_F32734,22,mid,,,none
7,L22_F78043,22,mid,0.125,-0.125,ablation_zero
7,L23_F40170,23,late,1.25,-1.25,ablation_zero
7,L23_F6889,23,late,0.9375,-0.9375,ablation_zero
7,L24_F35447,24,late,-1.0,1.0,ablation_zero
7,L25_F43384,25,late,0.5,-0.5,ablation_zero
7,L25_F54011,25,late,0.5093986988067627,-0.5093986988067627,ablation_zero
7,L25_F90133,25,late,0.5,-0.5,ablation_zero
8,L13_F63127,13,early,,,none
8,L14_F129011,14,early,,,none
8,L15_F127839,15,early,0.875,-0.875,ablation_zero
8,L16_F45664,16,early,0.4693143367767334,-0.4693143367767334,ablation_zero
8,L16_F76227,16,early,,,none
8,L17_F111317,17,mid,-0.1687068939208984,0.1687068939208984,ablation_zero
8,L17_F51924,17,mid,,,none
8,L18_F149556,18,mid,1.0625,-1.0625,ablation_zero
8,L18_F27853,18,mid,,,none
8,L19_F29102,19,mid,,,none
8,L20_F36426,20,mid,,,none
8,L21_F54492,21,mid,,,none
8,L22_F32734,22,mid,,,none
8,L22_F78043,22,mid,3.640625,-3.640625,ablation_zero
8,L23_F40170,23,late,1.5625,-1.5625,ablation_zero
8,L23_F6889,23,late,1.375,-1.375,ablation_zero
8,L24_F35447,24,late,-0.75,0.75,ablation_zero
8,L25_F43384,25,late,1.375,-1.375,ablation_zero
8,L25_F54011,25,late,1.2509794235229492,-1.2509794235229492,ablation_zero
8,L25_F90133,25,late,1.25,-1.25,ablation_zero
9,L13_F63127,13,early,,,none
9,L14_F129011,14,early,,,none
9,L15_F127839,15,early,-0.0,0.0,ablation_zero
9,L16_F45664,16,early,0.2331676483154297,-0.2331676483154297,ablation_zero
9,L16_F76227,16,early,,,none
9,L17_F111317,17,mid,0.7802448272705078,-0.7802448272705078,ablation_zero
9,L17_F51924,17,mid,,,none
9,L18_F149556,18,mid,0.3125,-0.3125,ablation_zero
9,L18_F27853,18,mid,,,none
9,L19_F29102,19,mid,,,none
9,L20_F36426,20,mid,,,none
9,L21_F54492,21,mid,,,none
9,L22_F32734,22,mid,,,none
9,L22_F78043,22,mid,-0.5,0.5,ablation_zero
9,L23_F40170,23,late,-0.625,0.625,ablation_zero
9,L23_F6889,23,late,-0.0625,0.0625,ablation_zero
9,L24_F35447,24,late,-0.9375,0.9375,ablation_zero
9,L25_F43384,25,late,0.125,-0.125,ablation_zero
9,L25_F54011,25,late,0.0621414184570312,-0.0621414184570312,ablation_zero
9,L25_F90133,25,late,0.125,-0.125,ablation_zero
10,L13_F63127,13,early,,,none
10,L14_F129011,14,early,,,none
10,L15_F127839,15,early,0.375,-0.375,ablation_zero
10,L16_F45664,16,early,0.2228059768676757,-0.2228059768676757,ablation_zero
10,L16_F76227,16,early,,,none
10,L17_F111317,17,mid,-0.439249038696289,0.439249038696289,ablation_zero
10,L17_F51924,17,mid,,,none
10,L18_F149556,18,mid,-0.3125,0.3125,ablation_zero
10,L18_F27853,18,mid,,,none
10,L19_F29102,19,mid,,,none
10,L20_F36426,20,mid,,,none
10,L21_F54492,21,mid,,,none
10,L22_F32734,22,mid,,,none
10,L22_F78043,22,mid,2.109375,-2.109375,ablation_zero
10,L23_F40170,23,late,-0.4375,0.4375,ablation_zero
10,L23_F6889,23,late,-0.4375,0.4375,ablation_zero
10,L24_F35447,24,late,0.5,-0.5,ablation_zero
10,L25_F43384,25,late,1.25,-1.25,ablation_zero
10,L25_F54011,25,late,1.2154054641723633,-1.2154054641723633,ablation_zero
10,L25_F90133,25,late,1.25,-1.25,ablation_zero
11,L13_F63127,13,early,,,none
11,L14_F129011,14,early,,,none
11,L15_F127839,15,early,0.328125,-0.328125,ablation_zero
11,L16_F45664,16,early,0.2581939697265625,-0.2581939697265625,ablation_zero
11,L16_F76227,16,early,,,none
11,L17_F111317,17,mid,-0.3744199275970459,0.3744199275970459,ablation_zero
11,L17_F51924,17,mid,,,none
11,L18_F149556,18,mid,-0.109375,0.109375,ablation_zero
11,L18_F27853,18,mid,,,none
11,L19_F29102,19,mid,,,none
11,L20_F36426,20,mid,,,none
11,L21_F54492,21,mid,,,none
11,L22_F32734,22,mid,,,none
11,L22_F78043,22,mid,2.078125,-2.078125,ablation_zero
11,L23_F40170,23,late,0.34375,-0.34375,ablation_zero
11,L23_F6889,23,late,0.34375,-0.34375,ablation_zero
11,L24_F35447,24,late,0.640625,-0.640625,ablation_zero
11,L25_F43384,25,late,1.828125,-1.828125,ablation_zero
11,L25_F54011,25,late,1.696207046508789,-1.696207046508789,ablation_zero
11,L25_F90133,25,late,1.828125,-1.828125,ablation_zero
12,L13_F63127,13,early,,,none
12,L14_F129011,14,early,,,none
12,L15_F127839,15,early,-0.65625,0.65625,ablation_zero
12,L16_F45664,16,early,-0.7226738929748535,0.7226738929748535,ablation_zero
12,L16_F76227,16,early,,,none
12,L17_F111317,17,mid,-0.4971933364868164,0.4971933364868164,ablation_zero
12,L17_F51924,17,mid,,,none
12,L18_F149556,18,mid,-0.625,0.625,ablation_zero
12,L18_F27853,18,mid,,,none
12,L19_F29102,19,mid,,,none
12,L20_F36426,20,mid,,,none
12,L21_F54492,21,mid,,,none
12,L22_F32734,22,mid,,,none
12,L22_F78043,22,mid,0.5625,-0.5625,ablation_zero
12,L23_F40170,23,late,1.34375,-1.34375,ablation_zero
12,L23_F6889,23,late,2.15625,-2.15625,ablation_zero
12,L24_F35447,24,late,0.21875,-0.21875,ablation_zero
12,L25_F43384,25,late,1.78125,-1.78125,ablation_zero
12,L25_F54011,25,late,2.1053061485290527,-2.1053061485290527,ablation_zero
12,L25_F90133,25,late,2.0,-2.0,ablation_zero
13,L13_F63127,13,early,,,none
13,L14_F129011,14,early,,,none
13,L15_F127839,15,early,-0.5625,0.5625,ablation_zero
13,L16_F45664,16,early,0.2771329879760742,-0.2771329879760742,ablation_zero
13,L16_F76227,16,early,,,none
13,L17_F111317,17,mid,-0.829439640045166,0.829439640045166,ablation_zero
13,L17_F51924,17,mid,,,none
13,L18_F149556,18,mid,-0.09375,0.09375,ablation_zero
13,L18_F27853,18,mid,,,none
13,L19_F29102,19,mid,,,none
13,L20_F36426,20,mid,,,none
13,L21_F54492,21,mid,,,none
13,L22_F32734,22,mid,,,none
13,L22_F78043,22,mid,1.40625,-1.40625,ablation_zero
13,L23_F40170,23,late,3.84375,-3.84375,ablation_zero
13,L23_F6889,23,late,3.5625,-3.5625,ablation_zero
13,L24_F35447,24,late,1.46875,-1.46875,ablation_zero
13,L25_F43384,25,late,3.15625,-3.15625,ablation_zero
13,L25_F54011,25,late,3.2583885192871094,-3.2583885192871094,ablation_zero
13,L25_F90133,25,late,3.3125,-3.3125,ablation_zero
14,L13_F63127,13,early,,,none
14,L14_F129011,14,early,,,none
14,L15_F127839,15,early,0.84375,-0.84375,ablation_zero
14,L16_F45664,16,early,-0.2391810417175293,0.2391810417175293,ablation_zero
14,L16_F76227,16,early,,,none
14,L17_F111317,17,mid,0.1021366119384765,-0.1021366119384765,ablation_zero
14,L17_F51924,17,mid,,,none
14,L18_F149556,18,mid,0.6875,-0.6875,ablation_zero
14,L18_F27853,18,mid,,,none
14,L19_F29102,19,mid,,,none
14,L20_F36426,20,mid,,,none
14,L21_F54492,21,mid,,,none
14,L22_F32734,22,mid,,,none
14,L22_F78043,22,mid,-0.625,0.625,ablation_zero
14,L23_F40170,23,late,-0.6875,0.6875,ablation_zero
14,L23_F6889,23,late,-0.03125,0.03125,ablation_zero
14,L24_F35447,24,late,-0.40625,0.40625,ablation_zero
14,L25_F43384,25,late,-0.5625,0.5625,ablation_zero
14,L25_F54011,25,late,-0.1607546806335449,0.1607546806335449,ablation_zero
14,L25_F90133,25,late,-0.71875,0.71875,ablation_zero
15,L13_F63127,13,early,,,none
15,L14_F129011,14,early,,,none
15,L15_F127839,15,early,-0.125,0.125,ablation_zero
15,L16_F45664,16,early,-0.3897576332092285,0.3897576332092285,ablation_zero
15,L16_F76227,16,early,,,none
15,L17_F111317,17,mid,-0.6529903411865234,0.6529903411865234,ablation_zero
15,L17_F51924,17,mid,,,none
15,L18_F149556,18,mid,-0.125,0.125,ablation_zero
15,L18_F27853,18,mid,,,none
15,L19_F29102,19,mid,,,none
15,L20_F36426,20,mid,,,none
15,L21_F54492,21,mid,,,none
15,L22_F32734,22,mid,,,none
15,L22_F78043,22,mid,1.21875,-1.21875,ablation_zero
15,L23_F40170,23,late,1.25,-1.25,ablation_zero
15,L23_F6889,23,late,2.125,-2.125,ablation_zero
15,L24_F35447,24,late,0.1875,-0.1875,ablation_zero
15,L25_F43384,25,late,2.0625,-2.0625,ablation_zero
15,L25_F54011,25,late,2.346942901611328,-2.346942901611328,ablation_zero
15,L25_F90133,25,late,2.375,-2.375,ablation_zero
16,L13_F63127,13,early,,,none
16,L14_F129011,14,early,,,none
16,L15_F127839,15,early,0.71875,-0.71875,ablation_zero
16,L16_F45664,16,early,0.6620712280273438,-0.6620712280273438,ablation_zero
16,L16_F76227,16,early,,,none
16,L17_F111317,17,mid,0.4485101699829101,-0.4485101699829101,ablation_zero
16,L17_F51924,17,mid,,,none
16,L18_F149556,18,mid,0.8125,-0.8125,ablation_zero
16,L18_F27853,18,mid,,,none
16,L19_F29102,19,mid,,,none
16,L20_F36426,20,mid,,,none
16,L21_F54492,21,mid,,,none
16,L22_F32734,22,mid,,,none
16,L22_F78043,22,mid,0.65625,-0.65625,ablation_zero
16,L23_F40170,23,late,-0.28125,0.28125,ablation_zero
16,L23_F6889,23,late,0.34375,-0.34375,ablation_zero
16,L24_F35447,24,late,0.28125,-0.28125,ablation_zero
16,L25_F43384,25,late,-0.21875,0.21875,ablation_zero
16,L25_F54011,25,late,-0.0390515327453613,0.0390515327453613,ablation_zero
16,L25_F90133,25,late,-0.46875,0.46875,ablation_zero
17,L13_F63127,13,early,,,none
17,L14_F129011,14,early,,,none
17,L15_F127839,15,early,0.375,-0.375,ablation_zero
17,L16_F45664,16,early,0.1851658821105957,-0.1851658821105957,ablation_zero
17,L16_F76227,16,early,,,none
17,L17_F111317,17,mid,-0.3936934471130371,0.3936934471130371,ablation_zero
17,L17_F51924,17,mid,,,none
17,L18_F149556,18,mid,-0.6875,0.6875,ablation_zero
17,L18_F27853,18,mid,,,none
17,L19_F29102,19,mid,,,none
17,L20_F36426,20,mid,,,none
17,L21_F54492,21,mid,,,none
17,L22_F32734,22,mid,,,none
17,L22_F78043,22,mid,0.71875,-0.71875,ablation_zero
17,L23_F40170,23,late,2.71875,-2.71875,ablation_zero
17,L23_F6889,23,late,3.21875,-3.21875,ablation_zero
17,L24_F35447,24,late,0.71875,-0.71875,ablation_zero
17,L25_F43384,25,late,1.0625,-1.0625,ablation_zero
17,L25_F54011,25,late,1.09910249710083,-1.09910249710083,ablation_zero
17,L25_F90133,25,late,1.28125,-1.28125,ablation_zero
18,L13_F63127,13,early,,,none
18,L14_F129011,14,early,,,none
18,L15_F127839,15,early,0.5625,-0.5625,ablation_zero
18,L16_F45664,16,early,-1.0169343948364258,1.0169343948364258,ablation_zero
18,L16_F76227,16,early,,,none
18,L17_F111317,17,mid,-0.8890180587768555,0.8890180587768555,ablation_zero
18,L17_F51924,17,mid,,,none
18,L18_F149556,18,mid,0.4375,-0.4375,ablation_zero
18,L18_F27853,18,mid,,,none
18,L19_F29102,19,mid,,,none
18,L20_F36426,20,mid,,,none
18,L21_F54492,21,mid,,,none
18,L22_F32734,22,mid,,,none
18,L22_F78043,22,mid,0.8125,-0.8125,ablation_zero
18,L23_F40170,23,late,5.875,-5.875,ablation_zero
18,L23_F6889,23,late,5.375,-5.375,ablation_zero
18,L24_F35447,24,late,-0.75,0.75,ablation_zero
18,L25_F43384,25,late,3.625,-3.625,ablation_zero
18,L25_F54011,25,late,3.9343223571777344,-3.9343223571777344,ablation_zero
18,L25_F90133,25,late,3.453125,-3.453125,ablation_zero
19,L13_F63127,13,early,,,none
19,L14_F129011,14,early,,,none
19,L15_F127839,15,early,-0.0625,0.0625,ablation_zero
19,L16_F45664,16,early,-1.4874236583709717,1.4874236583709717,ablation_zero
19,L16_F76227,16,early,,,none
19,L17_F111317,17,mid,-0.5737180709838867,0.5737180709838867,ablation_zero
19,L17_F51924,17,mid,,,none
19,L18_F149556,18,mid,-2.5,2.5,ablation_zero
19,L18_F27853,18,mid,,,none
19,L19_F29102,19,mid,,,none
19,L20_F36426,20,mid,,,none
19,L21_F54492,21,mid,,,none
19,L22_F32734,22,mid,,,none
19,L22_F78043,22,mid,0.765625,-0.765625,ablation_zero
19,L23_F40170,23,late,5.625,-5.625,ablation_zero
19,L23_F6889,23,late,5.125,-5.125,ablation_zero
19,L24_F35447,24,late,1.0,-1.0,ablation_zero
19,L25_F43384,25,late,3.1875,-3.1875,ablation_zero
19,L25_F54011,25,late,3.063563823699951,-3.063563823699951,ablation_zero
19,L25_F90133,25,late,3.0625,-3.0625,ablation_zero
20,L13_F63127,13,early,,,none
20,L14_F129011,14,early,,,none
20,L15_F127839,15,early,0.625,-0.625,ablation_zero
20,L16_F45664,16,early,1.4307928085327148,-1.4307928085327148,ablation_zero
20,L16_F76227,16,early,,,none
20,L17_F111317,17,mid,-2.932968139648437,2.932968139648437,ablation_zero
20,L17_F51924,17,mid,,,none
20,L18_F149556,18,mid,0.5625,-0.5625,ablation_zero
20,L18_F27853,18,mid,,,none
20,L19_F29102,19,mid,,,none
20,L20_F36426,20,mid,,,none
20,L21_F54492,21,mid,,,none
20,L22_F32734,22,mid,,,none
20,L22_F78043,22,mid,5.046875,-5.046875,ablation_zero
20,L23_F40170,23,late,5.375,-5.375,ablation_zero
20,L23_F6889,23,late,5.3125,-5.3125,ablation_zero
20,L24_F35447,24,late,-0.171875,0.171875,ablation_zero
20,L25_F43384,25,late,4.25,-4.25,ablation_zero
20,L25_F54011,25,late,4.3376195430755615,-4.3376195430755615,ablation_zero
20,L25_F90133,25,late,4.125,-4.125,ablation_zero
21,L13_F63127,13,early,,,none
21,L14_F129011,14,early,,,none
21,L15_F127839,15,early,1.0625,-1.0625,ablation_zero
21,L16_F45664,16,early,-0.1887969970703125,0.1887969970703125,ablation_zero
21,L16_F76227,16,early,,,none
21,L17_F111317,17,mid,-0.4579849243164062,0.4579849243164062,ablation_zero
21,L17_F51924,17,mid,,,none
21,L18_F149556,18,mid,1.25,-1.25,ablation_zero
21,L18_F27853,18,mid,,,none
21,L19_F29102,19,mid,,,none
21,L20_F36426,20,mid,,,none
21,L21_F54492,21,mid,,,none
21,L22_F32734,22,mid,,,none
21,L22_F78043,22,mid,3.0625,-3.0625,ablation_zero
21,L23_F40170,23,late,4.1875,-4.1875,ablation_zero
21,L23_F6889,23,late,4.125,-4.125,ablation_zero
21,L24_F35447,24,late,-1.4375,1.4375,ablation_zero
21,L25_F43384,25,late,3.359375,-3.359375,ablation_zero
21,L25_F54011,25,late,3.5003538131713867,-3.5003538131713867,ablation_zero
21,L25_F90133,25,late,3.25,-3.25,ablation_zero
22,L13_F63127,13,early,,,none
22,L14_F129011,14,early,,,none
22,L15_F127839,15,early,0.625,-0.625,ablation_zero
22,L16_F45664,16,early,-0.3935070037841797,0.3935070037841797,ablation_zero
22,L16_F76227,16,early,,,none
22,L17_F111317,17,mid,0.4375562667846679,-0.4375562667846679,ablation_zero
22,L17_F51924,17,mid,,,none
22,L18_F149556,18,mid,-0.4375,0.4375,ablation_zero
22,L18_F27853,18,mid,,,none
22,L19_F29102,19,mid,,,none
22,L20_F36426,20,mid,,,none
22,L21_F54492,21,mid,,,none
22,L22_F32734,22,mid,,,none
22,L22_F78043,22,mid,1.0,-1.0,ablation_zero
22,L23_F40170,23,late,2.9375,-2.9375,ablation_zero
22,L23_F6889,23,late,2.9375,-2.9375,ablation_zero
22,L24_F35447,24,late,-1.8125,1.8125,ablation_zero
22,L25_F43384,25,late,1.8125,-1.8125,ablation_zero
22,L25_F54011,25,late,2.1986777782440186,-2.1986777782440186,ablation_zero
22,L25_F90133,25,late,1.8125,-1.8125,ablation_zero
23,L13_F63127,13,early,,,none
23,L14_F129011,14,early,,,none
23,L15_F127839,15,early,-0.4375,0.4375,ablation_zero
23,L16_F45664,16,early,-3.116094827651977,3.116094827651977,ablation_zero
23,L16_F76227,16,early,,,none
23,L17_F111317,17,mid,-6.048315048217773,6.048315048217773,ablation_zero
23,L17_F51924,17,mid,,,none
23,L18_F149556,18,mid,0.875,-0.875,ablation_zero
23,L18_F27853,18,mid,,,none
23,L19_F29102,19,mid,,,none
23,L20_F36426,20,mid,,,none
23,L21_F54492,21,mid,,,none
23,L22_F32734,22,mid,,,none
23,L22_F78043,22,mid,2.125,-2.125,ablation_zero
23,L23_F40170,23,late,2.375,-2.375,ablation_zero
23,L23_F6889,23,late,2.375,-2.375,ablation_zero
23,L24_F35447,24,late,3.9375,-3.9375,ablation_zero
23,L25_F43384,25,late,3.03125,-3.03125,ablation_zero
23,L25_F54011,25,late,2.860106468200684,-2.860106468200684,ablation_zero
23,L25_F90133,25,late,3.03125,-3.03125,ablation_zero
24,L13_F63127,13,early,,,none
24,L14_F129011,14,early,,,none
24,L15_F127839,15,early,-0.3125,0.3125,ablation_zero
24,L16_F45664,16,early,0.5438728332519531,-0.5438728332519531,ablation_zero
24,L16_F76227,16,early,,,none
24,L17_F111317,17,mid,-0.3444089889526367,0.3444089889526367,ablation_zero
24,L17_F51924,17,mid,,,none
24,L18_F149556,18,mid,-0.5,0.5,ablation_zero
24,L18_F27853,18,mid,,,none
24,L19_F29102,19,mid,,,none
24,L20_F36426,20,mid,,,none
24,L21_F54492,21,mid,,,none
24,L22_F32734,22,mid,,,none
24,L22_F78043,22,mid,0.25,-0.25,ablation_zero
24,L23_F40170,23,late,0.53125,-0.53125,ablation_zero
24,L23_F6889,23,late,0.78125,-0.78125,ablation_zero
24,L24_F35447,24,late,0.875,-0.875,ablation_zero
24,L25_F43384,25,late,2.21875,-2.21875,ablation_zero
24,L25_F54011,25,late,2.038273334503174,-2.038273334503174,ablation_zero
24,L25_F90133,25,late,1.96875,-1.96875,ablation_zero
25,L13_F63127,13,early,,,none
25,L14_F129011,14,early,,,none
25,L15_F127839,15,early,-0.125,0.125,ablation_zero
25,L16_F45664,16,early,0.6339578628540039,-0.6339578628540039,ablation_zero
25,L16_F76227,16,early,,,none
25,L17_F111317,17,mid,-2.4191036224365234,2.4191036224365234,ablation_zero
25,L17_F51924,17,mid,,,none
25,L18_F149556,18,mid,-1.3125,1.3125,ablation_zero
25,L18_F27853,18,mid,,,none
25,L19_F29102,19,mid,,,none
25,L20_F36426,20,mid,,,none
25,L21_F54492,21,mid,,,none
25,L22_F32734,22,mid,,,none
25,L22_F78043,22,mid,1.8125,-1.8125,ablation_zero
25,L23_F40170,23,late,2.03125,-2.03125,ablation_zero
25,L23_F6889,23,late,2.15625,-2.15625,ablation_zero
25,L24_F35447,24,late,1.875,-1.875,ablation_zero
25,L25_F43384,25,late,6.6875,-6.6875,ablation_zero
25,L25_F54011,25,late,6.561160087585449,-6.561160087585449,ablation_zero
25,L25_F90133,25,late,6.375,-6.375,ablation_zero
26,L13_F63127,13,early,,,none
26,L14_F129011,14,early,,,none
26,L15_F127839,15,early,0.34375,-0.34375,ablation_zero
26,L16_F45664,16,early,0.1988911628723144,-0.1988911628723144,ablation_zero
26,L16_F76227,16,early,,,none
26,L17_F111317,17,mid,-0.1167535781860351,0.1167535781860351,ablation_zero
26,L17_F51924,17,mid,,,none
26,L18_F149556,18,mid,-0.375,0.375,ablation_zero
26,L18_F27853,18,mid,,,none
26,L19_F29102,19,mid,,,none
26,L20_F36426,20,mid,,,none
26,L21_F54492,21,mid,,,none
26,L22_F32734,22,mid,,,none
26,L22_F78043,22,mid,-0.90625,0.90625,ablation_zero
26,L23_F40170,23,late,-0.3125,0.3125,ablation_zero
26,L23_F6889,23,late,-0.1875,0.1875,ablation_zero
26,L24_F35447,24,late,0.1875,-0.1875,ablation_zero
26,L25_F43384,25,late,0.671875,-0.671875,ablation_zero
26,L25_F54011,25,late,0.7686564922332764,-0.7686564922332764,ablation_zero
26,L25_F90133,25,late,0.375,-0.375,ablation_zero
27,L13_F63127,13,early,,,none
27,L14_F129011,14,early,,,none
27,L15_F127839,15,early,0.875,-0.875,ablation_zero
27,L16_F45664,16,early,0.0833063125610351,-0.0833063125610351,ablation_zero
27,L16_F76227,16,early,,,none
27,L17_F111317,17,mid,-0.1874494552612304,0.1874494552612304,ablation_zero
27,L17_F51924,17,mid,,,none
27,L18_F149556,18,mid,0.125,-0.125,ablation_zero
27,L18_F27853,18,mid,,,none
27,L19_F29102,19,mid,,,none
27,L20_F36426,20,mid,,,none
27,L21_F54492,21,mid,,,none
27,L22_F32734,22,mid,,,none
27,L22_F78043,22,mid,0.5625,-0.5625,ablation_zero
27,L23_F40170,23,late,0.4375,-0.4375,ablation_zero
27,L23_F6889,23,late,0.75,-0.75,ablation_zero
27,L24_F35447,24,late,0.75,-0.75,ablation_zero
27,L25_F43384,25,late,2.15625,-2.15625,ablation_zero
27,L25_F54011,25,late,2.265055656433105,-2.265055656433105,ablation_zero
27,L25_F90133,25,late,1.9375,-1.9375,ablation_zero
28,L13_F63127,13,early,,,none
28,L14_F129011,14,early,,,none
28,L15_F127839,15,early,0.8125,-0.8125,ablation_zero
28,L16_F45664,16,early,1.36338472366333,-1.36338472366333,ablation_zero
28,L16_F76227,16,early,,,none
28,L17_F111317,17,mid,-0.2931804656982422,0.2931804656982422,ablation_zero
28,L17_F51924,17,mid,,,none
28,L18_F149556,18,mid,-0.9375,0.9375,ablation_zero
28,L18_F27853,18,mid,,,none
28,L19_F29102,19,mid,,,none
28,L20_F36426,20,mid,,,none
28,L21_F54492,21,mid,,,none
28,L22_F32734,22,mid,,,none
28,L22_F78043,22,mid,0.1875,-0.1875,ablation_zero
28,L23_F40170,23,late,0.9375,-0.9375,ablation_zero
28,L23_F6889,23,late,1.28125,-1.28125,ablation_zero
28,L24_F35447,24,late,1.59375,-1.59375,ablation_zero
28,L25_F43384,25,late,2.0,-2.0,ablation_zero
28,L25_F54011,25,late,1.902531623840332,-1.902531623840332,ablation_zero
28,L25_F90133,25,late,1.8125,-1.8125,ablation_zero
29,L13_F63127,13,early,,,none
29,L14_F129011,14,early,,,none
29,L15_F127839,15,early,0.09375,-0.09375,ablation_zero
29,L16_F45664,16,early,-0.6186437606811523,0.6186437606811523,ablation_zero
29,L16_F76227,16,early,,,none
29,L17_F111317,17,mid,-0.4709382057189941,0.4709382057189941,ablation_zero
29,L17_F51924,17,mid,,,none
29,L18_F149556,18,mid,0.0625,-0.0625,ablation_zero
29,L18_F27853,18,mid,,,none
29,L19_F29102,19,mid,,,none
29,L20_F36426,20,mid,,,none
29,L21_F54492,21,mid,,,none
29,L22_F32734,22,mid,,,none
29,L22_F78043,22,mid,1.28125,-1.28125,ablation_zero
29,L23_F40170,23,late,0.40625,-0.40625,ablation_zero
29,L23_F6889,23,late,0.5,-0.5,ablation_zero
29,L24_F35447,24,late,0.28125,-0.28125,ablation_zero
29,L25_F43384,25,late,0.78125,-0.78125,ablation_zero
29,L25_F54011,25,late,0.8968868255615234,-0.8968868255615234,ablation_zero
29,L25_F90133,25,late,0.71875,-0.71875,ablation_zero
30,L13_F63127,13,early,,,none
30,L14_F129011,14,early,,,none
30,L15_F127839,15,early,0.0625,-0.0625,ablation_zero
30,L16_F45664,16,early,0.7362470626831055,-0.7362470626831055,ablation_zero
30,L16_F76227,16,early,,,none
30,L17_F111317,17,mid,0.3561077117919922,-0.3561077117919922,ablation_zero
30,L17_F51924,17,mid,,,none
30,L18_F149556,18,mid,-0.1875,0.1875,ablation_zero
30,L18_F27853,18,mid,,,none
30,L19_F29102,19,mid,,,none
30,L20_F36426,20,mid,,,none
30,L21_F54492,21,mid,,,none
30,L22_F32734,22,mid,,,none
30,L22_F78043,22,mid,0.9375,-0.9375,ablation_zero
30,L23_F40170,23,late,0.3125,-0.3125,ablation_zero
30,L23_F6889,23,late,0.3125,-0.3125,ablation_zero
30,L24_F35447,24,late,0.5,-0.5,ablation_zero
30,L25_F43384,25,late,-0.3125,0.3125,ablation_zero
30,L25_F54011,25,late,-0.1114101409912109,0.1114101409912109,ablation_zero
30,L25_F90133,25,late,-0.25,0.25,ablation_zero
31,L13_F63127,13,early,,,none
31,L14_F129011,14,early,,,none
31,L15_F127839,15,early,1.71875,-1.71875,ablation_zero
31,L16_F45664,16,early,1.3241477012634275,-1.3241477012634275,ablation_zero
31,L16_F76227,16,early,,,none
31,L17_F111317,17,mid,0.8625502586364746,-0.8625502586364746,ablation_zero
31,L17_F51924,17,mid,,,none
31,L18_F149556,18,mid,-0.75,0.75,ablation_zero
31,L18_F27853,18,mid,,,none
31,L19_F29102,19,mid,,,none
31,L20_F36426,20,mid,,,none
31,L21_F54492,21,mid,,,none
31,L22_F32734,22,mid,,,none
31,L22_F78043,22,mid,1.34375,-1.34375,ablation_zero
31,L23_F40170,23,late,2.34375,-2.34375,ablation_zero
31,L23_F6889,23,late,2.21875,-2.21875,ablation_zero
31,L24_F35447,24,late,0.625,-0.625,ablation_zero
31,L25_F43384,25,late,1.75,-1.75,ablation_zero
31,L25_F54011,25,late,1.4763917922973633,-1.4763917922973633,ablation_zero
31,L25_F90133,25,late,1.75,-1.75,ablation_zero
32,L13_F63127,13,early,,,none
32,L14_F129011,14,early,,,none
32,L15_F127839,15,early,-0.09375,0.09375,ablation_zero
32,L16_F45664,16,early,-0.1980881690979004,0.1980881690979004,ablation_zero
32,L16_F76227,16,early,,,none
32,L17_F111317,17,mid,0.1628413200378418,-0.1628413200378418,ablation_zero
32,L17_F51924,17,mid,,,none
32,L18_F149556,18,mid,-0.53125,0.53125,ablation_zero
32,L18_F27853,18,mid,,,none
32,L19_F29102,19,mid,,,none
32,L20_F36426,20,mid,,,none
32,L21_F54492,21,mid,,,none
32,L22_F32734,22,mid,,,none
32,L22_F78043,22,mid,-0.59375,0.59375,ablation_zero
32,L23_F40170,23,late,-1.125,1.125,ablation_zero
32,L23_F6889,23,late,-1.125,1.125,ablation_zero
32,L24_F35447,24,late,-0.21875,0.21875,ablation_zero
32,L25_F43384,25,late,-0.84375,0.84375,ablation_zero
32,L25_F54011,25,late,-0.830533504486084,0.830533504486084,ablation_zero
32,L25_F90133,25,late,-0.84375,0.84375,ablation_zero
33,L13_F63127,13,early,,,none
33,L14_F129011,14,early,,,none
33,L15_F127839,15,early,-0.09375,0.09375,ablation_zero
33,L16_F45664,16,early,-0.4723796844482422,0.4723796844482422,ablation_zero
33,L16_F76227,16,early,,,none
33,L17_F111317,17,mid,-0.0209670066833496,0.0209670066833496,ablation_zero
33,L17_F51924,17,mid,,,none
33,L18_F149556,18,mid,-0.125,0.125,ablation_zero
33,L18_F27853,18,mid,,,none
33,L19_F29102,19,mid,,,none
33,L20_F36426,20,mid,,,none
33,L21_F54492,21,mid,,,none
33,L22_F32734,22,mid,,,none
33,L22_F78043,22,mid,0.4375,-0.4375,ablation_zero
33,L23_F40170,23,late,-0.75,0.75,ablation_zero
33,L23_F6889,23,late,-0.75,0.75,ablation_zero
33,L24_F35447,24,late,-0.34375,0.34375,ablation_zero
33,L25_F43384,25,late,-0.5,0.5,ablation_zero
33,L25_F54011,25,late,-0.4992766380310058,0.4992766380310058,ablation_zero
33,L25_F90133,25,late,-0.5,0.5,ablation_zero
34,L13_F63127,13,early,,,none
34,L14_F129011,14,early,,,none
34,L15_F127839,15,early,0.09375,-0.09375,ablation_zero
34,L16_F45664,16,early,0.231048583984375,-0.231048583984375,ablation_zero
34,L16_F76227,16,early,,,none
34,L17_F111317,17,mid,0.2488822937011718,-0.2488822937011718,ablation_zero
34,L17_F51924,17,mid,,,none
34,L18_F149556,18,mid,0.59375,-0.59375,ablation_zero
34,L18_F27853,18,mid,,,none
34,L19_F29102,19,mid,,,none
34,L20_F36426,20,mid,,,none
34,L21_F54492,21,mid,,,none
34,L22_F32734,22,mid,,,none
34,L22_F78043,22,mid,0.28125,-0.28125,ablation_zero
34,L23_F40170,23,late,-0.21875,0.21875,ablation_zero
34,L23_F6889,23,late,-0.21875,0.21875,ablation_zero
34,L24_F35447,24,late,0.5,-0.5,ablation_zero
34,L25_F43384,25,late,0.8125,-0.8125,ablation_zero
34,L25_F54011,25,late,0.8791036605834961,-0.8791036605834961,ablation_zero
34,L25_F90133,25,late,0.8125,-0.8125,ablation_zero
35,L13_F63127,13,early,,,none
35,L14_F129011,14,early,,,none
35,L15_F127839,15,early,1.71875,-1.71875,ablation_zero
35,L16_F45664,16,early,0.6121253967285156,-0.6121253967285156,ablation_zero
35,L16_F76227,16,early,,,none
35,L17_F111317,17,mid,0.9788856506347656,-0.9788856506347656,ablation_zero
35,L17_F51924,17,mid,,,none
35,L18_F149556,18,mid,1.53125,-1.53125,ablation_zero
35,L18_F27853,18,mid,,,none
35,L19_F29102,19,mid,,,none
35,L20_F36426,20,mid,,,none
35,L21_F54492,21,mid,,,none
35,L22_F32734,22,mid,,,none
35,L22_F78043,22,mid,-0.84375,0.84375,ablation_zero
35,L23_F40170,23,late,0.09375,-0.09375,ablation_zero
35,L23_F6889,23,late,0.09375,-0.09375,ablation_zero
35,L24_F35447,24,late,1.65625,-1.65625,ablation_zero
35,L25_F43384,25,late,0.625,-0.625,ablation_zero
35,L25_F54011,25,late,0.568267822265625,-0.568267822265625,ablation_zero
35,L25_F90133,25,late,0.625,-0.625,ablation_zero
36,L13_F63127,13,early,,,none
36,L14_F129011,14,early,,,none
36,L15_F127839,15,early,-0.53125,0.53125,ablation_zero
36,L16_F45664,16,early,0.0147509574890136,-0.0147509574890136,ablation_zero
36,L16_F76227,16,early,,,none
36,L17_F111317,17,mid,-1.5654830932617188,1.5654830932617188,ablation_zero
36,L17_F51924,17,mid,,,none
36,L18_F149556,18,mid,-0.90625,0.90625,ablation_zero
36,L18_F27853,18,mid,,,none
36,L19_F29102,19,mid,,,none
36,L20_F36426,20,mid,,,none
36,L21_F54492,21,mid,,,none
36,L22_F32734,22,mid,,,none
36,L22_F78043,22,mid,-0.65625,0.65625,ablation_zero
36,L23_F40170,23,late,-3.5625,3.5625,ablation_zero
36,L23_F6889,23,late,-2.125,2.125,ablation_zero
36,L24_F35447,24,late,-0.53125,0.53125,ablation_zero
36,L25_F43384,25,late,1.1875,-1.1875,ablation_zero
36,L25_F54011,25,late,0.2459392547607422,-0.2459392547607422,ablation_zero
36,L25_F90133,25,late,0.125,-0.125,ablation_zero
37,L13_F63127,13,early,,,none
37,L14_F129011,14,early,,,none
37,L15_F127839,15,early,0.125,-0.125,ablation_zero
37,L16_F45664,16,early,0.6791834831237793,-0.6791834831237793,ablation_zero
37,L16_F76227,16,early,,,none
37,L17_F111317,17,mid,0.1014666557312011,-0.1014666557312011,ablation_zero
37,L17_F51924,17,mid,,,none
37,L18_F149556,18,mid,-0.03125,0.03125,ablation_zero
37,L18_F27853,18,mid,,,none
37,L19_F29102,19,mid,,,none
37,L20_F36426,20,mid,,,none
37,L21_F54492,21,mid,,,none
37,L22_F32734,22,mid,,,none
37,L22_F78043,22,mid,0.71875,-0.71875,ablation_zero
37,L23_F40170,23,late,-0.625,0.625,ablation_zero
37,L23_F6889,23,late,-0.0625,0.0625,ablation_zero
37,L24_F35447,24,late,0.75,-0.75,ablation_zero
37,L25_F43384,25,late,0.40625,-0.40625,ablation_zero
37,L25_F54011,25,late,0.2840847969055176,-0.2840847969055176,ablation_zero
37,L25_F90133,25,late,0.28125,-0.28125,ablation_zero
38,L13_F63127,13,early,,,none
38,L14_F129011,14,early,,,none
38,L15_F127839,15,early,-0.1875,0.1875,ablation_zero
38,L16_F45664,16,early,0.4275689125061035,-0.4275689125061035,ablation_zero
38,L16_F76227,16,early,,,none
38,L17_F111317,17,mid,-1.332085132598877,1.332085132598877,ablation_zero
38,L17_F51924,17,mid,,,none
38,L18_F149556,18,mid,-0.125,0.125,ablation_zero
38,L18_F27853,18,mid,,,none
38,L19_F29102,19,mid,,,none
38,L20_F36426,20,mid,,,none
38,L21_F54492,21,mid,,,none
38,L22_F32734,22,mid,,,none
38,L22_F78043,22,mid,1.84375,-1.84375,ablation_zero
38,L23_F40170,23,late,-1.625,1.625,ablation_zero
38,L23_F6889,23,late,-0.625,0.625,ablation_zero
38,L24_F35447,24,late,0.53125,-0.53125,ablation_zero
38,L25_F43384,25,late,1.8125,-1.8125,ablation_zero
38,L25_F54011,25,late,1.3761963844299316,-1.3761963844299316,ablation_zero
38,L25_F90133,25,late,1.0625,-1.0625,ablation_zero
39,L13_F63127,13,early,,,none
39,L14_F129011,14,early,,,none
39,L15_F127839,15,early,1.1875,-1.1875,ablation_zero
39,L16_F45664,16,early,0.7097578048706055,-0.7097578048706055,ablation_zero
39,L16_F76227,16,early,,,none
39,L17_F111317,17,mid,1.4868955612182615,-1.4868955612182615,ablation_zero
39,L17_F51924,17,mid,,,none
39,L18_F149556,18,mid,0.3125,-0.3125,ablation_zero
39,L18_F27853,18,mid,,,none
39,L19_F29102,19,mid,,,none
39,L20_F36426,20,mid,,,none
39,L21_F54492,21,mid,,,none
39,L22_F32734,22,mid,,,none
39,L22_F78043,22,mid,2.75,-2.75,ablation_zero
39,L23_F40170,23,late,0.25,-0.25,ablation_zero
39,L23_F6889,23,late,1.0,-1.0,ablation_zero
39,L24_F35447,24,late,1.71875,-1.71875,ablation_zero
39,L25_F43384,25,late,0.25,-0.25,ablation_zero
39,L25_F54011,25,late,0.1439366340637207,-0.1439366340637207,ablation_zero
39,L25_F90133,25,late,0.1875,-0.1875,ablation_zero
40,L13_F63127,13,early,,,none
40,L14_F129011,14,early,,,none
40,L15_F127839,15,early,1.40625,-1.40625,ablation_zero
40,L16_F45664,16,early,1.4498095512390137,-1.4498095512390137,ablation_zero
40,L16_F76227,16,early,,,none
40,L17_F111317,17,mid,-0.4080300331115722,0.4080300331115722,ablation_zero
40,L17_F51924,17,mid,,,none
40,L18_F149556,18,mid,0.09375,-0.09375,ablation_zero
40,L18_F27853,18,mid,,,none
40,L19_F29102,19,mid,,,none
40,L20_F36426,20,mid,,,none
40,L21_F54492,21,mid,,,none
40,L22_F32734,22,mid,,,none
40,L22_F78043,22,mid,0.5625,-0.5625,ablation_zero
40,L23_F40170,23,late,2.0,-2.0,ablation_zero
40,L23_F6889,23,late,2.375,-2.375,ablation_zero
40,L24_F35447,24,late,0.03125,-0.03125,ablation_zero
40,L25_F43384,25,late,1.46875,-1.46875,ablation_zero
40,L25_F54011,25,late,1.1758298873901367,-1.1758298873901367,ablation_zero
40,L25_F90133,25,late,0.875,-0.875,ablation_zero
41,L13_F63127,13,early,,,none
41,L14_F129011,14,early,,,none
41,L15_F127839,15,early,-1.3125,1.3125,ablation_zero
41,L16_F45664,16,early,0.9997820854187012,-0.9997820854187012,ablation_zero
41,L16_F76227,16,early,,,none
41,L17_F111317,17,mid,-0.3731989860534668,0.3731989860534668,ablation_zero
41,L17_F51924,17,mid,,,none
41,L18_F149556,18,mid,-0.375,0.375,ablation_zero
41,L18_F27853,18,mid,,,none
41,L19_F29102,19,mid,,,none
41,L20_F36426,20,mid,,,none
41,L21_F54492,21,mid,,,none
41,L22_F32734,22,mid,,,none
41,L22_F78043,22,mid,1.125,-1.125,ablation_zero
41,L23_F40170,23,late,0.125,-0.125,ablation_zero
41,L23_F6889,23,late,0.53125,-0.53125,ablation_zero
41,L24_F35447,24,late,0.96875,-0.96875,ablation_zero
41,L25_F43384,25,late,0.78125,-0.78125,ablation_zero
41,L25_F54011,25,late,0.8496270179748535,-0.8496270179748535,ablation_zero
41,L25_F90133,25,late,0.84375,-0.84375,ablation_zero
42,L13_F63127,13,early,,,none
42,L14_F129011,14,early,,,none
42,L15_F127839,15,early,-0.0625,0.0625,ablation_zero
42,L16_F45664,16,early,0.1542305946350097,-0.1542305946350097,ablation_zero
42,L16_F76227,16,early,,,none
42,L17_F111317,17,mid,-0.667595386505127,0.667595386505127,ablation_zero
42,L17_F51924,17,mid,,,none
42,L18_F149556,18,mid,0.359375,-0.359375,ablation_zero
42,L18_F27853,18,mid,,,none
42,L19_F29102,19,mid,,,none
42,L20_F36426,20,mid,,,none
42,L21_F54492,21,mid,,,none
42,L22_F32734,22,mid,,,none
42,L22_F78043,22,mid,2.0,-2.0,ablation_zero
42,L23_F40170,23,late,1.6875,-1.6875,ablation_zero
42,L23_F6889,23,late,1.75,-1.75,ablation_zero
42,L24_F35447,24,late,0.265625,-0.265625,ablation_zero
42,L25_F43384,25,late,-0.0625,0.0625,ablation_zero
42,L25_F54011,25,late,-0.0505919456481933,0.0505919456481933,ablation_zero
42,L25_F90133,25,late,-0.265625,0.265625,ablation_zero
43,L13_F63127,13,early,,,none
43,L14_F129011,14,early,,,none
43,L15_F127839,15,early,0.171875,-0.171875,ablation_zero
43,L16_F45664,16,early,0.3057308197021484,-0.3057308197021484,ablation_zero
43,L16_F76227,16,early,,,none
43,L17_F111317,17,mid,-0.2601938247680664,0.2601938247680664,ablation_zero
43,L17_F51924,17,mid,,,none
43,L18_F149556,18,mid,0.1875,-0.1875,ablation_zero
43,L18_F27853,18,mid,,,none
43,L19_F29102,19,mid,,,none
43,L20_F36426,20,mid,,,none
43,L21_F54492,21,mid,,,none
43,L22_F32734,22,mid,,,none
43,L22_F78043,22,mid,1.296875,-1.296875,ablation_zero
43,L23_F40170,23,late,2.265625,-2.265625,ablation_zero
43,L23_F6889,23,late,2.734375,-2.734375,ablation_zero
43,L24_F35447,24,late,-0.4375,0.4375,ablation_zero
43,L25_F43384,25,late,0.75,-0.75,ablation_zero
43,L25_F54011,25,late,0.6954727172851562,-0.6954727172851562,ablation_zero
43,L25_F90133,25,late,0.625,-0.625,ablation_zero
44,L13_F63127,13,early,,,none
44,L14_F129011,14,early,,,none
44,L15_F127839,15,early,-0.015625,0.015625,ablation_zero
44,L16_F45664,16,early,0.3225841522216797,-0.3225841522216797,ablation_zero
44,L16_F76227,16,early,,,none
44,L17_F111317,17,mid,-0.3692247867584228,0.3692247867584228,ablation_zero
44,L17_F51924,17,mid,,,none
44,L18_F149556,18,mid,0.734375,-0.734375,ablation_zero
44,L18_F27853,18,mid,,,none
44,L19_F29102,19,mid,,,none
44,L20_F36426,20,mid,,,none
44,L21_F54492,21,mid,,,none
44,L22_F32734,22,mid,,,none
44,L22_F78043,22,mid,1.109375,-1.109375,ablation_zero
44,L23_F40170,23,late,2.0625,-2.0625,ablation_zero
44,L23_F6889,23,late,2.1875,-2.1875,ablation_zero
44,L24_F35447,24,late,-0.671875,0.671875,ablation_zero
44,L25_F43384,25,late,-0.0,0.0,ablation_zero
44,L25_F54011,25,late,-0.1722376346588134,0.1722376346588134,ablation_zero
44,L25_F90133,25,late,-0.296875,0.296875,ablation_zero
45,L13_F63127,13,early,,,none
45,L14_F129011,14,early,,,none
45,L15_F127839,15,early,-0.421875,0.421875,ablation_zero
45,L16_F45664,16,early,0.5190372467041016,-0.5190372467041016,ablation_zero
45,L16_F76227,16,early,,,none
45,L17_F111317,17,mid,0.0518436431884765,-0.0518436431884765,ablation_zero
45,L17_F51924,17,mid,,,none
45,L18_F149556,18,mid,1.140625,-1.140625,ablation_zero
45,L18_F27853,18,mid,,,none
45,L19_F29102,19,mid,,,none
45,L20_F36426,20,mid,,,none
45,L21_F54492,21,mid,,,none
45,L22_F32734,22,mid,,,none
45,L22_F78043,22,mid,0.703125,-0.703125,ablation_zero
45,L23_F40170,23,late,1.828125,-1.828125,ablation_zero
45,L23_F6889,23,late,1.9375,-1.9375,ablation_zero
45,L24_F35447,24,late,-0.046875,0.046875,ablation_zero
45,L25_F43384,25,late,-0.21875,0.21875,ablation_zero
45,L25_F54011,25,late,-0.264047622680664,0.264047622680664,ablation_zero
45,L25_F90133,25,late,-0.21875,0.21875,ablation_zero
46,L13_F63127,13,early,,,none
46,L14_F129011,14,early,,,none
46,L15_F127839,15,early,-1.125,1.125,ablation_zero
46,L16_F45664,16,early,0.597480297088623,-0.597480297088623,ablation_zero
46,L16_F76227,16,early,,,none
46,L17_F111317,17,mid,-0.3663387298583984,0.3663387298583984,ablation_zero
46,L17_F51924,17,mid,,,none
46,L18_F149556,18,mid,-0.5,0.5,ablation_zero
46,L18_F27853,18,mid,,,none
46,L19_F29102,19,mid,,,none
46,L20_F36426,20,mid,,,none
46,L21_F54492,21,mid,,,none
46,L22_F32734,22,mid,,,none
46,L22_F78043,22,mid,1.5625,-1.5625,ablation_zero
46,L23_F40170,23,late,1.25,-1.25,ablation_zero
46,L23_F6889,23,late,1.25,-1.25,ablation_zero
46,L24_F35447,24,late,0.0625,-0.0625,ablation_zero
46,L25_F43384,25,late,0.3125,-0.3125,ablation_zero
46,L25_F54011,25,late,0.3271493911743164,-0.3271493911743164,ablation_zero
46,L25_F90133,25,late,0.3125,-0.3125,ablation_zero
47,L13_F63127,13,early,,,none
47,L14_F129011,14,early,,,none
47,L15_F127839,15,early,0.125,-0.125,ablation_zero
47,L16_F45664,16,early,0.2679786682128906,-0.2679786682128906,ablation_zero
47,L16_F76227,16,early,,,none
47,L17_F111317,17,mid,-1.0373058319091797,1.0373058319091797,ablation_zero
47,L17_F51924,17,mid,,,none
47,L18_F149556,18,mid,0.25,-0.25,ablation_zero
47,L18_F27853,18,mid,,,none
47,L19_F29102,19,mid,,,none
47,L20_F36426,20,mid,,,none
47,L21_F54492,21,mid,,,none
47,L22_F32734,22,mid,,,none
47,L22_F78043,22,mid,1.28125,-1.28125,ablation_zero
47,L23_F40170,23,late,0.65625,-0.65625,ablation_zero
47,L23_F6889,23,late,0.65625,-0.65625,ablation_zero
47,L24_F35447,24,late,0.34375,-0.34375,ablation_zero
47,L25_F43384,25,late,0.0625,-0.0625,ablation_zero
47,L25_F54011,25,late,0.1534481048583984,-0.1534481048583984,ablation_zero
47,L25_F90133,25,late,0.0625,-0.0625,ablation_zero
48,L13_F63127,13,early,,,none
48,L14_F129011,14,early,,,none
48,L15_F127839,15,early,0.09375,-0.09375,ablation_zero
48,L16_F45664,16,early,0.8587684631347656,-0.8587684631347656,ablation_zero
48,L16_F76227,16,early,,,none
48,L17_F111317,17,mid,-0.4508090019226074,0.4508090019226074,ablation_zero
48,L17_F51924,17,mid,,,none
48,L18_F149556,18,mid,0.03125,-0.03125,ablation_zero
48,L18_F27853,18,mid,,,none
48,L19_F29102,19,mid,,,none
48,L20_F36426,20,mid,,,none
48,L21_F54492,21,mid,,,none
48,L22_F32734,22,mid,,,none
48,L22_F78043,22,mid,1.34375,-1.34375,ablation_zero
48,L23_F40170,23,late,-0.65625,0.65625,ablation_zero
48,L23_F6889,23,late,0.15625,-0.15625,ablation_zero
48,L24_F35447,24,late,0.28125,-0.28125,ablation_zero
48,L25_F43384,25,late,1.09375,-1.09375,ablation_zero
48,L25_F54011,25,late,1.383819580078125,-1.383819580078125,ablation_zero
48,L25_F90133,25,late,1.5,-1.5,ablation_zero
49,L13_F63127,13,early,,,none
49,L14_F129011,14,early,,,none
49,L15_F127839,15,early,-0.09375,0.09375,ablation_zero
49,L16_F45664,16,early,0.686769962310791,-0.686769962310791,ablation_zero
49,L16_F76227,16,early,,,none
49,L17_F111317,17,mid,-0.458869457244873,0.458869457244873,ablation_zero
49,L17_F51924,17,mid,,,none
49,L18_F149556,18,mid,0.0625,-0.0625,ablation_zero
49,L18_F27853,18,mid,,,none
49,L19_F29102,19,mid,,,none
49,L20_F36426,20,mid,,,none
49,L21_F54492,21,mid,,,none
49,L22_F32734,22,mid,,,none
49,L22_F78043,22,mid,0.53125,-0.53125,ablation_zero
49,L23_F40170,23,late,1.4375,-1.4375,ablation_zero
49,L23_F6889,23,late,1.5625,-1.5625,ablation_zero
49,L24_F35447,24,late,0.875,-0.875,ablation_zero
49,L25_F43384,25,late,1.375,-1.375,ablation_zero
49,L25_F54011,25,late,1.480485916137695,-1.480485916137695,ablation_zero
49,L25_F90133,25,late,1.28125,-1.28125,ablation_zero
50,L13_F63127,13,early,,,none
50,L14_F129011,14,early,,,none
50,L15_F127839,15,early,-0.0,0.0,ablation_zero
50,L16_F45664,16,early,-0.2467646598815918,0.2467646598815918,ablation_zero
50,L16_F76227,16,early,,,none
50,L17_F111317,17,mid,-0.5845556259155273,0.5845556259155273,ablation_zero
50,L17_F51924,17,mid,,,none
50,L18_F149556,18,mid,0.1875,-0.1875,ablation_zero
50,L18_F27853,18,mid,,,none
50,L19_F29102,19,mid,,,none
50,L20_F36426,20,mid,,,none
50,L21_F54492,21,mid,,,none
50,L22_F32734,22,mid,,,none
50,L22_F78043,22,mid,0.21875,-0.21875,ablation_zero
50,L23_F40170,23,late,-0.09375,0.09375,ablation_zero
50,L23_F6889,23,late,0.09375,-0.09375,ablation_zero
50,L24_F35447,24,late,0.28125,-0.28125,ablation_zero
50,L25_F43384,25,late,-0.0,0.0,ablation_zero
50,L25_F54011,25,late,-0.027773380279541,0.027773380279541,ablation_zero
50,L25_F90133,25,late,-0.25,0.25,ablation_zero
51,L13_F63127,13,early,,,none
51,L14_F129011,14,early,,,none
51,L15_F127839,15,early,0.40625,-0.40625,ablation_zero
51,L16_F45664,16,early,0.4403386116027832,-0.4403386116027832,ablation_zero
51,L16_F76227,16,early,,,none
51,L17_F111317,17,mid,-0.3409280776977539,0.3409280776977539,ablation_zero
51,L17_F51924,17,mid,,,none
51,L18_F149556,18,mid,-0.125,0.125,ablation_zero
51,L18_F27853,18,mid,,,none
51,L19_F29102,19,mid,,,none
51,L20_F36426,20,mid,,,none
51,L21_F54492,21,mid,,,none
51,L22_F32734,22,mid,,,none
51,L22_F78043,22,mid,0.9375,-0.9375,ablation_zero
51,L23_F40170,23,late,-0.3125,0.3125,ablation_zero
51,L23_F6889,23,late,0.1875,-0.1875,ablation_zero
51,L24_F35447,24,late,0.125,-0.125,ablation_zero
51,L25_F43384,25,late,0.875,-0.875,ablation_zero
51,L25_F54011,25,late,1.104663372039795,-1.104663372039795,ablation_zero
51,L25_F90133,25,late,0.84375,-0.84375,ablation_zero
52,L13_F63127,13,early,,,none
52,L14_F129011,14,early,,,none
52,L15_F127839,15,early,0.125,-0.125,ablation_zero
52,L16_F45664,16,early,0.5542116165161133,-0.5542116165161133,ablation_zero
52,L16_F76227,16,early,,,none
52,L17_F111317,17,mid,-0.1387090682983398,0.1387090682983398,ablation_zero
52,L17_F51924,17,mid,,,none
52,L18_F149556,18,mid,-0.5,0.5,ablation_zero
52,L18_F27853,18,mid,,,none
52,L19_F29102,19,mid,,,none
52,L20_F36426,20,mid,,,none
52,L21_F54492,21,mid,,,none
52,L22_F32734,22,mid,,,none
52,L22_F78043,22,mid,0.625,-0.625,ablation_zero
52,L23_F40170,23,late,1.0,-1.0,ablation_zero
52,L23_F6889,23,late,1.5,-1.5,ablation_zero
52,L24_F35447,24,late,1.0625,-1.0625,ablation_zero
52,L25_F43384,25,late,0.125,-0.125,ablation_zero
52,L25_F54011,25,late,0.1240606307983398,-0.1240606307983398,ablation_zero
52,L25_F90133,25,late,0.15625,-0.15625,ablation_zero
53,L13_F63127,13,early,,,none
53,L14_F129011,14,early,,,none
53,L15_F127839,15,early,0.09375,-0.09375,ablation_zero
53,L16_F45664,16,early,-0.6313743591308594,0.6313743591308594,ablation_zero
53,L16_F76227,16,early,,,none
53,L17_F111317,17,mid,-0.5814971923828125,0.5814971923828125,ablation_zero
53,L17_F51924,17,mid,,,none
53,L18_F149556,18,mid,0.0625,-0.0625,ablation_zero
53,L18_F27853,18,mid,,,none
53,L19_F29102,19,mid,,,none
53,L20_F36426,20,mid,,,none
53,L21_F54492,21,mid,,,none
53,L22_F32734,22,mid,,,none
53,L22_F78043,22,mid,0.78125,-0.78125,ablation_zero
53,L23_F40170,23,late,-0.4375,0.4375,ablation_zero
53,L23_F6889,23,late,0.15625,-0.15625,ablation_zero
53,L24_F35447,24,late,0.375,-0.375,ablation_zero
53,L25_F43384,25,late,-0.3125,0.3125,ablation_zero
53,L25_F54011,25,late,-0.1283321380615234,0.1283321380615234,ablation_zero
53,L25_F90133,25,late,-0.1875,0.1875,ablation_zero
54,L13_F63127,13,early,,,none
54,L14_F129011,14,early,,,none
54,L15_F127839,15,early,0.625,-0.625,ablation_zero
54,L16_F45664,16,early,0.0918083190917968,-0.0918083190917968,ablation_zero
54,L16_F76227,16,early,,,none
54,L17_F111317,17,mid,-0.2490386962890625,0.2490386962890625,ablation_zero
54,L17_F51924,17,mid,,,none
54,L18_F149556,18,mid,0.9375,-0.9375,ablation_zero
54,L18_F27853,18,mid,,,none
54,L19_F29102,19,mid,,,none
54,L20_F36426,20,mid,,,none
54,L21_F54492,21,mid,,,none
54,L22_F32734,22,mid,,,none
54,L22_F78043,22,mid,1.6875,-1.6875,ablation_zero
54,L23_F40170,23,late,1.6875,-1.6875,ablation_zero
54,L23_F6889,23,late,1.5,-1.5,ablation_zero
54,L24_F35447,24,late,-0.625,0.625,ablation_zero
54,L25_F43384,25,late,-0.1875,0.1875,ablation_zero
54,L25_F54011,25,late,-0.2523431777954101,0.2523431777954101,ablation_zero
54,L25_F90133,25,late,-0.125,0.125,ablation_zero
55,L13_F63127,13,early,,,none
55,L14_F129011,14,early,,,none
55,L15_F127839,15,early,-0.0625,0.0625,ablation_zero
55,L16_F45664,16,early,-0.1644439697265625,0.1644439697265625,ablation_zero
55,L16_F76227,16,early,,,none
55,L17_F111317,17,mid,-0.0371589660644531,0.0371589660644531,ablation_zero
55,L17_F51924,17,mid,,,none
55,L18_F149556,18,mid,0.1875,-0.1875,ablation_zero
55,L18_F27853,18,mid,,,none
55,L19_F29102,19,mid,,,none
55,L20_F36426,20,mid,,,none
55,L21_F54492,21,mid,,,none
55,L22_F32734,22,mid,,,none
55,L22_F78043,22,mid,1.6875,-1.6875,ablation_zero
55,L23_F40170,23,late,3.125,-3.125,ablation_zero
55,L23_F6889,23,late,2.6875,-2.6875,ablation_zero
55,L24_F35447,24,late,0.125,-0.125,ablation_zero
55,L25_F43384,25,late,1.6875,-1.6875,ablation_zero
55,L25_F54011,25,late,1.7989578247070312,-1.7989578247070312,ablation_zero
55,L25_F90133,25,late,1.75,-1.75,ablation_zero
56,L13_F63127,13,early,,,none
56,L14_F129011,14,early,,,none
56,L15_F127839,15,early,0.375,-0.375,ablation_zero
56,L16_F45664,16,early,-0.2719087600708008,0.2719087600708008,ablation_zero
56,L16_F76227,16,early,,,none
56,L17_F111317,17,mid,0.5083141326904297,-0.5083141326904297,ablation_zero
56,L17_F51924,17,mid,,,none
56,L18_F149556,18,mid,0.3125,-0.3125,ablation_zero
56,L18_F27853,18,mid,,,none
56,L19_F29102,19,mid,,,none
56,L20_F36426,20,mid,,,none
56,L21_F54492,21,mid,,,none
56,L22_F32734,22,mid,,,none
56,L22_F78043,22,mid,1.5625,-1.5625,ablation_zero
56,L23_F40170,23,late,1.8125,-1.8125,ablation_zero
56,L23_F6889,23,late,1.1875,-1.1875,ablation_zero
56,L24_F35447,24,late,-0.375,0.375,ablation_zero
56,L25_F43384,25,late,0.8125,-0.8125,ablation_zero
56,L25_F54011,25,late,1.0078248977661133,-1.0078248977661133,ablation_zero
56,L25_F90133,25,late,0.8125,-0.8125,ablation_zero
57,L13_F63127,13,early,,,none
57,L14_F129011,14,early,,,none
57,L15_F127839,15,early,0.5625,-0.5625,ablation_zero
57,L16_F45664,16,early,-0.1228313446044921,0.1228313446044921,ablation_zero
57,L16_F76227,16,early,,,none
57,L17_F111317,17,mid,0.145456314086914,-0.145456314086914,ablation_zero
57,L17_F51924,17,mid,,,none
57,L18_F149556,18,mid,0.4375,-0.4375,ablation_zero
57,L18_F27853,18,mid,,,none
57,L19_F29102,19,mid,,,none
57,L20_F36426,20,mid,,,none
57,L21_F54492,21,mid,,,none
57,L22_F32734,22,mid,,,none
57,L22_F78043,22,mid,0.875,-0.875,ablation_zero
57,L23_F40170,23,late,1.5,-1.5,ablation_zero
57,L23_F6889,23,late,1.4375,-1.4375,ablation_zero
57,L24_F35447,24,late,-0.8125,0.8125,ablation_zero
57,L25_F43384,25,late,-0.0625,0.0625,ablation_zero
57,L25_F54011,25,late,0.0799617767333984,-0.0799617767333984,ablation_zero
57,L25_F90133,25,late,0.0625,-0.0625,ablation_zero
58,L13_F63127,13,early,,,none
58,L14_F129011,14,early,,,none
58,L15_F127839,15,early,0.875,-0.875,ablation_zero
58,L16_F45664,16,early,-0.1015195846557617,0.1015195846557617,ablation_zero
58,L16_F76227,16,early,,,none
58,L17_F111317,17,mid,-0.8072996139526367,0.8072996139526367,ablation_zero
58,L17_F51924,17,mid,,,none
58,L18_F149556,18,mid,0.375,-0.375,ablation_zero
58,L18_F27853,18,mid,,,none
58,L19_F29102,19,mid,,,none
58,L20_F36426,20,mid,,,none
58,L21_F54492,21,mid,,,none
58,L22_F32734,22,mid,,,none
58,L22_F78043,22,mid,6.25,-6.25,ablation_zero
58,L23_F40170,23,late,1.6875,-1.6875,ablation_zero
58,L23_F6889,23,late,1.6875,-1.6875,ablation_zero
58,L24_F35447,24,late,3.234375,-3.234375,ablation_zero
58,L25_F43384,25,late,1.125,-1.125,ablation_zero
58,L25_F54011,25,late,1.1552534103393557,-1.1552534103393557,ablation_zero
58,L25_F90133,25,late,1.0,-1.0,ablation_zero
59,L13_F63127,13,early,,,none
59,L14_F129011,14,early,,,none
59,L15_F127839,15,early,-0.375,0.375,ablation_zero
59,L16_F45664,16,early,0.5118000507354736,-0.5118000507354736,ablation_zero
59,L16_F76227,16,early,,,none
59,L17_F111317,17,mid,-0.5366899967193604,0.5366899967193604,ablation_zero
59,L17_F51924,17,mid,,,none
59,L18_F149556,18,mid,0.4375,-0.4375,ablation_zero
59,L18_F27853,18,mid,,,none
59,L19_F29102,19,mid,,,none
59,L20_F36426,20,mid,,,none
59,L21_F54492,21,mid,,,none
59,L22_F32734,22,mid,,,none
59,L22_F78043,22,mid,3.390625,-3.390625,ablation_zero
59,L23_F40170,23,late,1.765625,-1.765625,ablation_zero
59,L23_F6889,23,late,1.765625,-1.765625,ablation_zero
59,L24_F35447,24,late,1.40625,-1.40625,ablation_zero
59,L25_F43384,25,late,1.203125,-1.203125,ablation_zero
59,L25_F54011,25,late,1.3078992366790771,-1.3078992366790771,ablation_zero
59,L25_F90133,25,late,1.203125,-1.203125,ablation_zero
60,L13_F63127,13,early,,,none
60,L14_F129011,14,early,,,none
60,L15_F127839,15,early,0.03125,-0.03125,ablation_zero
60,L16_F45664,16,early,0.1300358772277832,-0.1300358772277832,ablation_zero
60,L16_F76227,16,early,,,none
60,L17_F111317,17,mid,-0.9027843475341796,0.9027843475341796,ablation_zero
60,L17_F51924,17,mid,,,none
60,L18_F149556,18,mid,-0.90625,0.90625,ablation_zero
60,L18_F27853,18,mid,,,none
60,L19_F29102,19,mid,,,none
60,L20_F36426,20,mid,,,none
60,L21_F54492,21,mid,,,none
60,L22_F32734,22,mid,,,none
60,L22_F78043,22,mid,0.5625,-0.5625,ablation_zero
60,L23_F40170,23,late,0.46875,-0.46875,ablation_zero
60,L23_F6889,23,late,0.59375,-0.59375,ablation_zero
60,L24_F35447,24,late,0.0625,-0.0625,ablation_zero
60,L25_F43384,25,late,1.34375,-1.34375,ablation_zero
60,L25_F54011,25,late,1.4281134605407717,-1.4281134605407717,ablation_zero
60,L25_F90133,25,late,1.40625,-1.40625,ablation_zero
61,L13_F63127,13,early,,,none
61,L14_F129011,14,early,,,none
61,L15_F127839,15,early,0.28125,-0.28125,ablation_zero
61,L16_F45664,16,early,0.7212486267089844,-0.7212486267089844,ablation_zero
61,L16_F76227,16,early,,,none
61,L17_F111317,17,mid,-1.7567195892333984,1.7567195892333984,ablation_zero
61,L17_F51924,17,mid,,,none
61,L18_F149556,18,mid,-0.59375,0.59375,ablation_zero
61,L18_F27853,18,mid,,,none
61,L19_F29102,19,mid,,,none
61,L20_F36426,20,mid,,,none
61,L21_F54492,21,mid,,,none
61,L22_F32734,22,mid,,,none
61,L22_F78043,22,mid,0.28125,-0.28125,ablation_zero
61,L23_F40170,23,late,1.96875,-1.96875,ablation_zero
61,L23_F6889,23,late,1.90625,-1.90625,ablation_zero
61,L24_F35447,24,late,0.65625,-0.65625,ablation_zero
61,L25_F43384,25,late,2.28125,-2.28125,ablation_zero
61,L25_F54011,25,late,2.2483673095703125,-2.2483673095703125,ablation_zero
61,L25_F90133,25,late,2.28125,-2.28125,ablation_zero
62,L13_F63127,13,early,,,none
62,L14_F129011,14,early,,,none
62,L15_F127839,15,early,0.40625,-0.40625,ablation_zero
62,L16_F45664,16,early,-0.0481719970703125,0.0481719970703125,ablation_zero
62,L16_F76227,16,early,,,none
62,L17_F111317,17,mid,-0.0087494850158691,0.0087494850158691,ablation_zero
62,L17_F51924,17,mid,,,none
62,L18_F149556,18,mid,0.125,-0.125,ablation_zero
62,L18_F27853,18,mid,,,none
62,L19_F29102,19,mid,,,none
62,L20_F36426,20,mid,,,none
62,L21_F54492,21,mid,,,none
62,L22_F32734,22,mid,,,none
62,L22_F78043,22,mid,-0.21875,0.21875,ablation_zero
62,L23_F40170,23,late,-0.125,0.125,ablation_zero
62,L23_F6889,23,late,0.125,-0.125,ablation_zero
62,L24_F35447,24,late,0.40625,-0.40625,ablation_zero
62,L25_F43384,25,late,0.125,-0.125,ablation_zero
62,L25_F54011,25,late,0.0843405723571777,-0.0843405723571777,ablation_zero
62,L25_F90133,25,late,-0.1875,0.1875,ablation_zero
63,L13_F63127,13,early,,,none
63,L14_F129011,14,early,,,none
63,L15_F127839,15,early,-0.25,0.25,ablation_zero
63,L16_F45664,16,early,0.1315817832946777,-0.1315817832946777,ablation_zero
63,L16_F76227,16,early,,,none
63,L17_F111317,17,mid,-1.2383294105529783,1.2383294105529783,ablation_zero
63,L17_F51924,17,mid,,,none
63,L18_F149556,18,mid,-0.375,0.375,ablation_zero
63,L18_F27853,18,mid,,,none
63,L19_F29102,19,mid,,,none
63,L20_F36426,20,mid,,,none
63,L21_F54492,21,mid,,,none
63,L22_F32734,22,mid,,,none
63,L22_F78043,22,mid,1.125,-1.125,ablation_zero
63,L23_F40170,23,late,0.125,-0.125,ablation_zero
63,L23_F6889,23,late,0.6875,-0.6875,ablation_zero
63,L24_F35447,24,late,-0.15625,0.15625,ablation_zero
63,L25_F43384,25,late,1.9375,-1.9375,ablation_zero
63,L25_F54011,25,late,1.9276347160339355,-1.9276347160339355,ablation_zero
63,L25_F90133,25,late,2.0,-2.0,ablation_zero
64,L13_F63127,13,early,,,none
64,L14_F129011,14,early,,,none
64,L15_F127839,15,early,0.375,-0.375,ablation_zero
64,L16_F45664,16,early,0.6315793991088867,-0.6315793991088867,ablation_zero
64,L16_F76227,16,early,,,none
64,L17_F111317,17,mid,-1.157576084136963,1.157576084136963,ablation_zero
64,L17_F51924,17,mid,,,none
64,L18_F149556,18,mid,-0.4375,0.4375,ablation_zero
64,L18_F27853,18,mid,,,none
64,L19_F29102,19,mid,,,none
64,L20_F36426,20,mid,,,none
64,L21_F54492,21,mid,,,none
64,L22_F32734,22,mid,,,none
64,L22_F78043,22,mid,0.6875,-0.6875,ablation_zero
64,L23_F40170,23,late,1.59375,-1.59375,ablation_zero
64,L23_F6889,23,late,1.65625,-1.65625,ablation_zero
64,L24_F35447,24,late,0.5,-0.5,ablation_zero
64,L25_F43384,25,late,1.6875,-1.6875,ablation_zero
64,L25_F54011,25,late,1.899474620819092,-1.899474620819092,ablation_zero
64,L25_F90133,25,late,1.9375,-1.9375,ablation_zero
65,L13_F63127,13,early,,,none
65,L14_F129011,14,early,,,none
65,L15_F127839,15,early,-0.15625,0.15625,ablation_zero
65,L16_F45664,16,early,-0.5858283042907715,0.5858283042907715,ablation_zero
65,L16_F76227,16,early,,,none
65,L17_F111317,17,mid,0.1075582504272461,-0.1075582504272461,ablation_zero
65,L17_F51924,17,mid,,,none
65,L18_F149556,18,mid,0.53125,-0.53125,ablation_zero
65,L18_F27853,18,mid,,,none
65,L19_F29102,19,mid,,,none
65,L20_F36426,20,mid,,,none
65,L21_F54492,21,mid,,,none
65,L22_F32734,22,mid,,,none
65,L22_F78043,22,mid,1.40625,-1.40625,ablation_zero
65,L23_F40170,23,late,0.71875,-0.71875,ablation_zero
65,L23_F6889,23,late,0.75,-0.75,ablation_zero
65,L24_F35447,24,late,0.8125,-0.8125,ablation_zero
65,L25_F43384,25,late,-0.1875,0.1875,ablation_zero
65,L25_F54011,25,late,-0.023775577545166,0.023775577545166,ablation_zero
65,L25_F90133,25,late,-0.09375,0.09375,ablation_zero
66,L13_F63127,13,early,,,none
66,L14_F129011,14,early,,,none
66,L15_F127839,15,early,0.9375,-0.9375,ablation_zero
66,L16_F45664,16,early,-0.8035411834716797,0.8035411834716797,ablation_zero
66,L16_F76227,16,early,,,none
66,L17_F111317,17,mid,-1.9396095275878904,1.9396095275878904,ablation_zero
66,L17_F51924,17,mid,,,none
66,L18_F149556,18,mid,3.375,-3.375,ablation_zero
66,L18_F27853,18,mid,,,none
66,L19_F29102,19,mid,,,none
66,L20_F36426,20,mid,,,none
66,L21_F54492,21,mid,,,none
66,L22_F32734,22,mid,,,none
66,L22_F78043,22,mid,3.796875,-3.796875,ablation_zero
66,L23_F40170,23,late,5.8125,-5.8125,ablation_zero
66,L23_F6889,23,late,5.125,-5.125,ablation_zero
66,L24_F35447,24,late,1.75,-1.75,ablation_zero
66,L25_F43384,25,late,3.4375,-3.4375,ablation_zero
66,L25_F54011,25,late,3.6563644409179688,-3.6563644409179688,ablation_zero
66,L25_F90133,25,late,3.25,-3.25,ablation_zero
67,L13_F63127,13,early,,,none
67,L14_F129011,14,early,,,none
67,L15_F127839,15,early,0.9375,-0.9375,ablation_zero
67,L16_F45664,16,early,-0.1490621566772461,0.1490621566772461,ablation_zero
67,L16_F76227,16,early,,,none
67,L17_F111317,17,mid,0.875176191329956,-0.875176191329956,ablation_zero
67,L17_F51924,17,mid,,,none
67,L18_F149556,18,mid,1.359375,-1.359375,ablation_zero
67,L18_F27853,18,mid,,,none
67,L19_F29102,19,mid,,,none
67,L20_F36426,20,mid,,,none
67,L21_F54492,21,mid,,,none
67,L22_F32734,22,mid,,,none
67,L22_F78043,22,mid,4.125,-4.125,ablation_zero
67,L23_F40170,23,late,5.359375,-5.359375,ablation_zero
67,L23_F6889,23,late,4.6875,-4.6875,ablation_zero
67,L24_F35447,24,late,1.375,-1.375,ablation_zero
67,L25_F43384,25,late,4.515625,-4.515625,ablation_zero
67,L25_F54011,25,late,4.65557861328125,-4.65557861328125,ablation_zero
67,L25_F90133,25,late,4.75,-4.75,ablation_zero
68,L13_F63127,13,early,,,none
68,L14_F129011,14,early,,,none
68,L15_F127839,15,early,0.3125,-0.3125,ablation_zero
68,L16_F45664,16,early,-0.2489194869995117,0.2489194869995117,ablation_zero
68,L16_F76227,16,early,,,none
68,L17_F111317,17,mid,0.7922153472900391,-0.7922153472900391,ablation_zero
68,L17_F51924,17,mid,,,none
68,L18_F149556,18,mid,-0.15625,0.15625,ablation_zero
68,L18_F27853,18,mid,,,none
68,L19_F29102,19,mid,,,none
68,L20_F36426,20,mid,,,none
68,L21_F54492,21,mid,,,none
68,L22_F32734,22,mid,,,none
68,L22_F78043,22,mid,-0.625,0.625,ablation_zero
68,L23_F40170,23,late,0.875,-0.875,ablation_zero
68,L23_F6889,23,late,0.625,-0.625,ablation_zero
68,L24_F35447,24,late,-2.125,2.125,ablation_zero
68,L25_F43384,25,late,-0.0,0.0,ablation_zero
68,L25_F54011,25,late,-0.1301050186157226,0.1301050186157226,ablation_zero
68,L25_F90133,25,late,-0.125,0.125,ablation_zero
69,L13_F63127,13,early,,,none
69,L14_F129011,14,early,,,none
69,L15_F127839,15,early,0.375,-0.375,ablation_zero
69,L16_F45664,16,early,-0.4592695236206054,0.4592695236206054,ablation_zero
69,L16_F76227,16,early,,,none
69,L17_F111317,17,mid,0.1038637161254882,-0.1038637161254882,ablation_zero
69,L17_F51924,17,mid,,,none
69,L18_F149556,18,mid,1.5625,-1.5625,ablation_zero
69,L18_F27853,18,mid,,,none
69,L19_F29102,19,mid,,,none
69,L20_F36426,20,mid,,,none
69,L21_F54492,21,mid,,,none
69,L22_F32734,22,mid,,,none
69,L22_F78043,22,mid,1.0625,-1.0625,ablation_zero
69,L23_F40170,23,late,0.5,-0.5,ablation_zero
69,L23_F6889,23,late,0.6875,-0.6875,ablation_zero
69,L24_F35447,24,late,-1.6875,1.6875,ablation_zero
69,L25_F43384,25,late,1.9375,-1.9375,ablation_zero
69,L25_F54011,25,late,1.8689022064208984,-1.8689022064208984,ablation_zero
69,L25_F90133,25,late,2.125,-2.125,ablation_zero
70,L13_F63127,13,early,,,none
70,L14_F129011,14,early,,,none
70,L15_F127839,15,early,1.484375,-1.484375,ablation_zero
70,L16_F45664,16,early,-0.638378381729126,0.638378381729126,ablation_zero
70,L16_F76227,16,early,,,none
70,L17_F111317,17,mid,-5.354612350463867,5.354612350463867,ablation_zero
70,L17_F51924,17,mid,,,none
70,L18_F149556,18,mid,2.125,-2.125,ablation_zero
70,L18_F27853,18,mid,,,none
70,L19_F29102,19,mid,,,none
70,L20_F36426,20,mid,,,none
70,L21_F54492,21,mid,,,none
70,L22_F32734,22,mid,,,none
70,L22_F78043,22,mid,3.46875,-3.46875,ablation_zero
70,L23_F40170,23,late,1.3125,-1.3125,ablation_zero
70,L23_F6889,23,late,1.3125,-1.3125,ablation_zero
70,L24_F35447,24,late,2.5625,-2.5625,ablation_zero
70,L25_F43384,25,late,2.0,-2.0,ablation_zero
70,L25_F54011,25,late,1.940269470214844,-1.940269470214844,ablation_zero
70,L25_F90133,25,late,2.0,-2.0,ablation_zero
71,L13_F63127,13,early,,,none
71,L14_F129011,14,early,,,none
71,L15_F127839,15,early,-0.125,0.125,ablation_zero
71,L16_F45664,16,early,0.3170937299728393,-0.3170937299728393,ablation_zero
71,L16_F76227,16,early,,,none
71,L17_F111317,17,mid,-0.2103385925292968,0.2103385925292968,ablation_zero
71,L17_F51924,17,mid,,,none
71,L18_F149556,18,mid,1.5625,-1.5625,ablation_zero
71,L18_F27853,18,mid,,,none
71,L19_F29102,19,mid,,,none
71,L20_F36426,20,mid,,,none
71,L21_F54492,21,mid,,,none
71,L22_F32734,22,mid,,,none
71,L22_F78043,22,mid,6.375,-6.375,ablation_zero
71,L23_F40170,23,late,1.8125,-1.8125,ablation_zero
71,L23_F6889,23,late,1.8125,-1.8125,ablation_zero
71,L24_F35447,24,late,0.2421875,-0.2421875,ablation_zero
71,L25_F43384,25,late,1.1796875,-1.1796875,ablation_zero
71,L25_F54011,25,late,1.1294487714767456,-1.1294487714767456,ablation_zero
71,L25_F90133,25,late,1.1796875,-1.1796875,ablation_zero
72,L13_F63127,13,early,,,none
72,L14_F129011,14,early,,,none
72,L15_F127839,15,early,0.1875,-0.1875,ablation_zero
72,L16_F45664,16,early,0.0248432159423828,-0.0248432159423828,ablation_zero
72,L16_F76227,16,early,,,none
72,L17_F111317,17,mid,-0.5410127639770508,0.5410127639770508,ablation_zero
72,L17_F51924,17,mid,,,none
72,L18_F149556,18,mid,-1.1875,1.1875,ablation_zero
72,L18_F27853,18,mid,,,none
72,L19_F29102,19,mid,,,none
72,L20_F36426,20,mid,,,none
72,L21_F54492,21,mid,,,none
72,L22_F32734,22,mid,,,none
72,L22_F78043,22,mid,-1.125,1.125,ablation_zero
72,L23_F40170,23,late,-1.0,1.0,ablation_zero
72,L23_F6889,23,late,-0.4375,0.4375,ablation_zero
72,L24_F35447,24,late,-0.5625,0.5625,ablation_zero
72,L25_F43384,25,late,2.875,-2.875,ablation_zero
72,L25_F54011,25,late,3.015080451965332,-3.015080451965332,ablation_zero
72,L25_F90133,25,late,2.9375,-2.9375,ablation_zero
73,L13_F63127,13,early,,,none
73,L14_F129011,14,early,,,none
73,L15_F127839,15,early,0.5,-0.5,ablation_zero
73,L16_F45664,16,early,-0.1316332817077636,0.1316332817077636,ablation_zero
73,L16_F76227,16,early,,,none
73,L17_F111317,17,mid,-0.2160897254943847,0.2160897254943847,ablation_zero
73,L17_F51924,17,mid,,,none
73,L18_F149556,18,mid,0.25,-0.25,ablation_zero
73,L18_F27853,18,mid,,,none
73,L19_F29102,19,mid,,,none
73,L20_F36426,20,mid,,,none
73,L21_F54492,21,mid,,,none
73,L22_F32734,22,mid,,,none
73,L22_F78043,22,mid,-0.53125,0.53125,ablation_zero
73,L23_F40170,23,late,-0.5,0.5,ablation_zero
73,L23_F6889,23,late,-0.0,0.0,ablation_zero
73,L24_F35447,24,late,-0.3125,0.3125,ablation_zero
73,L25_F43384,25,late,-0.25,0.25,ablation_zero
73,L25_F54011,25,late,-0.4135832786560058,0.4135832786560058,ablation_zero
73,L25_F90133,25,late,-0.75,0.75,ablation_zero
74,L13_F63127,13,early,,,none
74,L14_F129011,14,early,,,none
74,L15_F127839,15,early,0.1875,-0.1875,ablation_zero
74,L16_F45664,16,early,-0.1646156311035156,0.1646156311035156,ablation_zero
74,L16_F76227,16,early,,,none
74,L17_F111317,17,mid,-1.1655449867248535,1.1655449867248535,ablation_zero
74,L17_F51924,17,mid,,,none
74,L18_F149556,18,mid,-0.625,0.625,ablation_zero
74,L18_F27853,18,mid,,,none
74,L19_F29102,19,mid,,,none
74,L20_F36426,20,mid,,,none
74,L21_F54492,21,mid,,,none
74,L22_F32734,22,mid,,,none
74,L22_F78043,22,mid,1.53125,-1.53125,ablation_zero
74,L23_F40170,23,late,0.71875,-0.71875,ablation_zero
74,L23_F6889,23,late,1.46875,-1.46875,ablation_zero
74,L24_F35447,24,late,-0.09375,0.09375,ablation_zero
74,L25_F43384,25,late,4.0,-4.0,ablation_zero
74,L25_F54011,25,late,4.479645729064941,-4.479645729064941,ablation_zero
74,L25_F90133,25,late,4.0625,-4.0625,ablation_zero
75,L13_F63127,13,early,,,none
75,L14_F129011,14,early,,,none
75,L15_F127839,15,early,0.25,-0.25,ablation_zero
75,L16_F45664,16,early,0.1526398658752441,-0.1526398658752441,ablation_zero
75,L16_F76227,16,early,,,none
75,L17_F111317,17,mid,0.4901666641235351,-0.4901666641235351,ablation_zero
75,L17_F51924,17,mid,,,none
75,L18_F149556,18,mid,-0.375,0.375,ablation_zero
75,L18_F27853,18,mid,,,none
75,L19_F29102,19,mid,,,none
75,L20_F36426,20,mid,,,none
75,L21_F54492,21,mid,,,none
75,L22_F32734,22,mid,,,none
75,L22_F78043,22,mid,-0.09375,0.09375,ablation_zero
75,L23_F40170,23,late,-0.6875,0.6875,ablation_zero
75,L23_F6889,23,late,-0.25,0.25,ablation_zero
75,L24_F35447,24,late,-0.53125,0.53125,ablation_zero
75,L25_F43384,25,late,-0.09375,0.09375,ablation_zero
75,L25_F54011,25,late,-0.2072916030883789,0.2072916030883789,ablation_zero
75,L25_F90133,25,late,-0.59375,0.59375,ablation_zero
76,L13_F63127,13,early,,,none
76,L14_F129011,14,early,,,none
76,L15_F127839,15,early,1.6875,-1.6875,ablation_zero
76,L16_F45664,16,early,1.6127328872680664,-1.6127328872680664,ablation_zero
76,L16_F76227,16,early,,,none
76,L17_F111317,17,mid,0.2390480041503906,-0.2390480041503906,ablation_zero
76,L17_F51924,17,mid,,,none
76,L18_F149556,18,mid,0.8125,-0.8125,ablation_zero
76,L18_F27853,18,mid,,,none
76,L19_F29102,19,mid,,,none
76,L20_F36426,20,mid,,,none
76,L21_F54492,21,mid,,,none
76,L22_F32734,22,mid,,,none
76,L22_F78043,22,mid,0.625,-0.625,ablation_zero
76,L23_F40170,23,late,1.3125,-1.3125,ablation_zero
76,L23_F6889,23,late,1.3125,-1.3125,ablation_zero
76,L24_F35447,24,late,0.3125,-0.3125,ablation_zero
76,L25_F43384,25,late,3.125,-3.125,ablation_zero
76,L25_F54011,25,late,3.1698713302612305,-3.1698713302612305,ablation_zero
76,L25_F90133,25,late,3.0,-3.0,ablation_zero
77,L13_F63127,13,early,,,none
77,L14_F129011,14,early,,,none
77,L15_F127839,15,early,-0.9375,0.9375,ablation_zero
77,L16_F45664,16,early,-0.0473566055297851,0.0473566055297851,ablation_zero
77,L16_F76227,16,early,,,none
77,L17_F111317,17,mid,0.0927748680114746,-0.0927748680114746,ablation_zero
77,L17_F51924,17,mid,,,none
77,L18_F149556,18,mid,0.3125,-0.3125,ablation_zero
77,L18_F27853,18,mid,,,none
77,L19_F29102,19,mid,,,none
77,L20_F36426,20,mid,,,none
77,L21_F54492,21,mid,,,none
77,L22_F32734,22,mid,,,none
77,L22_F78043,22,mid,2.5,-2.5,ablation_zero
77,L23_F40170,23,late,-0.0625,0.0625,ablation_zero
77,L23_F6889,23,late,0.46875,-0.46875,ablation_zero
77,L24_F35447,24,late,0.125,-0.125,ablation_zero
77,L25_F43384,25,late,-0.09375,0.09375,ablation_zero
77,L25_F54011,25,late,0.1236076354980468,-0.1236076354980468,ablation_zero
77,L25_F90133,25,late,-0.28125,0.28125,ablation_zero
78,L13_F63127,13,early,,,none
78,L14_F129011,14,early,,,none
78,L15_F127839,15,early,-0.625,0.625,ablation_zero
78,L16_F45664,16,early,0.2817211151123047,-0.2817211151123047,ablation_zero
78,L16_F76227,16,early,,,none
78,L17_F111317,17,mid,0.2497768402099609,-0.2497768402099609,ablation_zero
78,L17_F51924,17,mid,,,none
78,L18_F149556,18,mid,0.375,-0.375,ablation_zero
78,L18_F27853,18,mid,,,none
78,L19_F29102,19,mid,,,none
78,L20_F36426,20,mid,,,none
78,L21_F54492,21,mid,,,none
78,L22_F32734,22,mid,,,none
78,L22_F78043,22,mid,-0.0,0.0,ablation_zero
78,L23_F40170,23,late,2.46875,-2.46875,ablation_zero
78,L23_F6889,23,late,2.5,-2.5,ablation_zero
78,L24_F35447,24,late,1.28125,-1.28125,ablation_zero
78,L25_F43384,25,late,3.375,-3.375,ablation_zero
78,L25_F54011,25,late,3.4156856536865234,-3.4156856536865234,ablation_zero
78,L25_F90133,25,late,3.3125,-3.3125,ablation_zero
79,L13_F63127,13,early,,,none
79,L14_F129011,14,early,,,none
79,L15_F127839,15,early,0.125,-0.125,ablation_zero
79,L16_F45664,16,early,1.5642523765563965,-1.5642523765563965,ablation_zero
79,L16_F76227,16,early,,,none
79,L17_F111317,17,mid,0.5390434265136719,-0.5390434265136719,ablation_zero
79,L17_F51924,17,mid,,,none
79,L18_F149556,18,mid,0.375,-0.375,ablation_zero
79,L18_F27853,18,mid,,,none
79,L19_F29102,19,mid,,,none
79,L20_F36426,20,mid,,,none
79,L21_F54492,21,mid,,,none
79,L22_F32734,22,mid,,,none
79,L22_F78043,22,mid,1.40625,-1.40625,ablation_zero
79,L23_F40170,23,late,1.0,-1.0,ablation_zero
79,L23_F6889,23,late,0.875,-0.875,ablation_zero
79,L24_F35447,24,late,-0.21875,0.21875,ablation_zero
79,L25_F43384,25,late,1.5625,-1.5625,ablation_zero
79,L25_F54011,25,late,1.5699968338012695,-1.5699968338012695,ablation_zero
79,L25_F90133,25,late,1.5625,-1.5625,ablation_zero
80,L13_F63127,13,early,,,none
80,L14_F129011,14,early,,,none
80,L15_F127839,15,early,-0.09375,0.09375,ablation_zero
80,L16_F45664,16,early,0.390749454498291,-0.390749454498291,ablation_zero
80,L16_F76227,16,early,,,none
80,L17_F111317,17,mid,0.228553295135498,-0.228553295135498,ablation_zero
80,L17_F51924,17,mid,,,none
80,L18_F149556,18,mid,0.59375,-0.59375,ablation_zero
80,L18_F27853,18,mid,,,none
80,L19_F29102,19,mid,,,none
80,L20_F36426,20,mid,,,none
80,L21_F54492,21,mid,,,none
80,L22_F32734,22,mid,,,none
80,L22_F78043,22,mid,1.25,-1.25,ablation_zero
80,L23_F40170,23,late,0.4375,-0.4375,ablation_zero
80,L23_F6889,23,late,0.46875,-0.46875,ablation_zero
80,L24_F35447,24,late,-1.21875,1.21875,ablation_zero
80,L25_F43384,25,late,2.25,-2.25,ablation_zero
80,L25_F54011,25,late,1.597486972808838,-1.597486972808838,ablation_zero
80,L25_F90133,25,late,2.1875,-2.1875,ablation_zero
81,L13_F63127,13,early,,,none
81,L14_F129011,14,early,,,none
81,L15_F127839,15,early,0.21875,-0.21875,ablation_zero
81,L16_F45664,16,early,0.9075241088867188,-0.9075241088867188,ablation_zero
81,L16_F76227,16,early,,,none
81,L17_F111317,17,mid,0.0625057220458984,-0.0625057220458984,ablation_zero
81,L17_F51924,17,mid,,,none
81,L18_F149556,18,mid,-0.1875,0.1875,ablation_zero
81,L18_F27853,18,mid,,,none
81,L19_F29102,19,mid,,,none
81,L20_F36426,20,mid,,,none
81,L21_F54492,21,mid,,,none
81,L22_F32734,22,mid,,,none
81,L22_F78043,22,mid,0.1875,-0.1875,ablation_zero
81,L23_F40170,23,late,2.3125,-2.3125,ablation_zero
81,L23_F6889,23,late,2.25,-2.25,ablation_zero
81,L24_F35447,24,late,0.3125,-0.3125,ablation_zero
81,L25_F43384,25,late,2.4375,-2.4375,ablation_zero
81,L25_F54011,25,late,2.4523487091064453,-2.4523487091064453,ablation_zero
81,L25_F90133,25,late,2.21875,-2.21875,ablation_zero
82,L13_F63127,13,early,,,none
82,L14_F129011,14,early,,,none
82,L15_F127839,15,early,-1.625,1.625,ablation_zero
82,L16_F45664,16,early,0.012831687927246,-0.012831687927246,ablation_zero
82,L16_F76227,16,early,,,none
82,L17_F111317,17,mid,-1.2512845993041992,1.2512845993041992,ablation_zero
82,L17_F51924,17,mid,,,none
82,L18_F149556,18,mid,-0.5,0.5,ablation_zero
82,L18_F27853,18,mid,,,none
82,L19_F29102,19,mid,,,none
82,L20_F36426,20,mid,,,none
82,L21_F54492,21,mid,,,none
82,L22_F32734,22,mid,,,none
82,L22_F78043,22,mid,0.28125,-0.28125,ablation_zero
82,L23_F40170,23,late,-0.53125,0.53125,ablation_zero
82,L23_F6889,23,late,-0.53125,0.53125,ablation_zero
82,L24_F35447,24,late,2.4375,-2.4375,ablation_zero
82,L25_F43384,25,late,2.1875,-2.1875,ablation_zero
82,L25_F54011,25,late,2.145936965942383,-2.145936965942383,ablation_zero
82,L25_F90133,25,late,2.1875,-2.1875,ablation_zero
83,L13_F63127,13,early,,,none
83,L14_F129011,14,early,,,none
83,L15_F127839,15,early,-0.625,0.625,ablation_zero
83,L16_F45664,16,early,0.5098552703857422,-0.5098552703857422,ablation_zero
83,L16_F76227,16,early,,,none
83,L17_F111317,17,mid,0.2232980728149414,-0.2232980728149414,ablation_zero
83,L17_F51924,17,mid,,,none
83,L18_F149556,18,mid,-0.59375,0.59375,ablation_zero
83,L18_F27853,18,mid,,,none
83,L19_F29102,19,mid,,,none
83,L20_F36426,20,mid,,,none
83,L21_F54492,21,mid,,,none
83,L22_F32734,22,mid,,,none
83,L22_F78043,22,mid,0.25,-0.25,ablation_zero
83,L23_F40170,23,late,-0.125,0.125,ablation_zero
83,L23_F6889,23,late,-0.125,0.125,ablation_zero
83,L24_F35447,24,late,1.90625,-1.90625,ablation_zero
83,L25_F43384,25,late,0.5,-0.5,ablation_zero
83,L25_F54011,25,late,0.5069007873535156,-0.5069007873535156,ablation_zero
83,L25_F90133,25,late,0.5,-0.5,ablation_zero
84,L13_F63127,13,early,,,none
84,L14_F129011,14,early,,,none
84,L15_F127839,15,early,0.625,-0.625,ablation_zero
84,L16_F45664,16,early,-0.7006497383117676,0.7006497383117676,ablation_zero
84,L16_F76227,16,early,,,none
84,L17_F111317,17,mid,-0.256171703338623,0.256171703338623,ablation_zero
84,L17_F51924,17,mid,,,none
84,L18_F149556,18,mid,-0.71875,0.71875,ablation_zero
84,L18_F27853,18,mid,,,none
84,L19_F29102,19,mid,,,none
84,L20_F36426,20,mid,,,none
84,L21_F54492,21,mid,,,none
84,L22_F32734,22,mid,,,none
84,L22_F78043,22,mid,1.4375,-1.4375,ablation_zero
84,L23_F40170,23,late,0.40625,-0.40625,ablation_zero
84,L23_F6889,23,late,0.875,-0.875,ablation_zero
84,L24_F35447,24,late,-0.125,0.125,ablation_zero
84,L25_F43384,25,late,1.40625,-1.40625,ablation_zero
84,L25_F54011,25,late,1.2788138389587402,-1.2788138389587402,ablation_zero
84,L25_F90133,25,late,1.3125,-1.3125,ablation_zero
85,L13_F63127,13,early,,,none
85,L14_F129011,14,early,,,none
85,L15_F127839,15,early,-0.4375,0.4375,ablation_zero
85,L16_F45664,16,early,-0.2610206604003906,0.2610206604003906,ablation_zero
85,L16_F76227,16,early,,,none
85,L17_F111317,17,mid,-0.245640754699707,0.245640754699707,ablation_zero
85,L17_F51924,17,mid,,,none
85,L18_F149556,18,mid,-0.25,0.25,ablation_zero
85,L18_F27853,18,mid,,,none
85,L19_F29102,19,mid,,,none
85,L20_F36426,20,mid,,,none
85,L21_F54492,21,mid,,,none
85,L22_F32734,22,mid,,,none
85,L22_F78043,22,mid,1.4375,-1.4375,ablation_zero
85,L23_F40170,23,late,2.0625,-2.0625,ablation_zero
85,L23_F6889,23,late,1.9375,-1.9375,ablation_zero
85,L24_F35447,24,late,1.1875,-1.1875,ablation_zero
85,L25_F43384,25,late,2.375,-2.375,ablation_zero
85,L25_F54011,25,late,2.1683120727539062,-2.1683120727539062,ablation_zero
85,L25_F90133,25,late,2.3125,-2.3125,ablation_zero
86,L13_F63127,13,early,,,none
86,L14_F129011,14,early,,,none
86,L15_F127839,15,early,0.3125,-0.3125,ablation_zero
86,L16_F45664,16,early,-0.399632453918457,0.399632453918457,ablation_zero
86,L16_F76227,16,early,,,none
86,L17_F111317,17,mid,-1.3270807266235352,1.3270807266235352,ablation_zero
86,L17_F51924,17,mid,,,none
86,L18_F149556,18,mid,0.40625,-0.40625,ablation_zero
86,L18_F27853,18,mid,,,none
86,L19_F29102,19,mid,,,none
86,L20_F36426,20,mid,,,none
86,L21_F54492,21,mid,,,none
86,L22_F32734,22,mid,,,none
86,L22_F78043,22,mid,0.125,-0.125,ablation_zero
86,L23_F40170,23,late,-1.375,1.375,ablation_zero
86,L23_F6889,23,late,-0.828125,0.828125,ablation_zero
86,L24_F35447,24,late,0.125,-0.125,ablation_zero
86,L25_F43384,25,late,0.8125,-0.8125,ablation_zero
86,L25_F54011,25,late,0.7895689010620117,-0.7895689010620117,ablation_zero
86,L25_F90133,25,late,0.5625,-0.5625,ablation_zero
87,L13_F63127,13,early,,,none
87,L14_F129011,14,early,,,none
87,L15_F127839,15,early,0.75,-0.75,ablation_zero
87,L16_F45664,16,early,0.4911408424377441,-0.4911408424377441,ablation_zero
87,L16_F76227,16,early,,,none
87,L17_F111317,17,mid,-0.0448279380798339,0.0448279380798339,ablation_zero
87,L17_F51924,17,mid,,,none
87,L18_F149556,18,mid,0.4375,-0.4375,ablation_zero
87,L18_F27853,18,mid,,,none
87,L19_F29102,19,mid,,,none
87,L20_F36426,20,mid,,,none
87,L21_F54492,21,mid,,,none
87,L22_F32734,22,mid,,,none
87,L22_F78043,22,mid,1.5,-1.5,ablation_zero
87,L23_F40170,23,late,-0.75,0.75,ablation_zero
87,L23_F6889,23,late,-0.375,0.375,ablation_zero
87,L24_F35447,24,late,0.25,-0.25,ablation_zero
87,L25_F43384,25,late,0.21875,-0.21875,ablation_zero
87,L25_F54011,25,late,0.087587833404541,-0.087587833404541,ablation_zero
87,L25_F90133,25,late,-0.09375,0.09375,ablation_zero
88,L13_F63127,13,early,,,none
88,L14_F129011,14,early,,,none
88,L15_F127839,15,early,0.34375,-0.34375,ablation_zero
88,L16_F45664,16,early,-0.1732106208801269,0.1732106208801269,ablation_zero
88,L16_F76227,16,early,,,none
88,L17_F111317,17,mid,-0.4771032333374023,0.4771032333374023,ablation_zero
88,L17_F51924,17,mid,,,none
88,L18_F149556,18,mid,0.375,-0.375,ablation_zero
88,L18_F27853,18,mid,,,none
88,L19_F29102,19,mid,,,none
88,L20_F36426,20,mid,,,none
88,L21_F54492,21,mid,,,none
88,L22_F32734,22,mid,,,none
88,L22_F78043,22,mid,1.28125,-1.28125,ablation_zero
88,L23_F40170,23,late,0.6875,-0.6875,ablation_zero
88,L23_F6889,23,late,1.03125,-1.03125,ablation_zero
88,L24_F35447,24,late,0.34375,-0.34375,ablation_zero
88,L25_F43384,25,late,1.25,-1.25,ablation_zero
88,L25_F54011,25,late,1.0304622650146484,-1.0304622650146484,ablation_zero
88,L25_F90133,25,late,0.9375,-0.9375,ablation_zero
89,L13_F63127,13,early,,,none
89,L14_F129011,14,early,,,none
89,L15_F127839,15,early,0.0625,-0.0625,ablation_zero
89,L16_F45664,16,early,-0.1658973693847656,0.1658973693847656,ablation_zero
89,L16_F76227,16,early,,,none
89,L17_F111317,17,mid,0.4320631027221679,-0.4320631027221679,ablation_zero
89,L17_F51924,17,mid,,,none
89,L18_F149556,18,mid,0.15625,-0.15625,ablation_zero
89,L18_F27853,18,mid,,,none
89,L19_F29102,19,mid,,,none
89,L20_F36426,20,mid,,,none
89,L21_F54492,21,mid,,,none
89,L22_F32734,22,mid,,,none
89,L22_F78043,22,mid,1.0625,-1.0625,ablation_zero
89,L23_F40170,23,late,1.0625,-1.0625,ablation_zero
89,L23_F6889,23,late,1.0,-1.0,ablation_zero
89,L24_F35447,24,late,0.5,-0.5,ablation_zero
89,L25_F43384,25,late,1.1875,-1.1875,ablation_zero
89,L25_F54011,25,late,1.014714241027832,-1.014714241027832,ablation_zero
89,L25_F90133,25,late,1.0,-1.0,ablation_zero
90,L13_F63127,13,early,,,none
90,L14_F129011,14,early,,,none
90,L15_F127839,15,early,0.625,-0.625,ablation_zero
90,L16_F45664,16,early,0.0375308990478515,-0.0375308990478515,ablation_zero
90,L16_F76227,16,early,,,none
90,L17_F111317,17,mid,-0.2091121673583984,0.2091121673583984,ablation_zero
90,L17_F51924,17,mid,,,none
90,L18_F149556,18,mid,0.75,-0.75,ablation_zero
90,L18_F27853,18,mid,,,none
90,L19_F29102,19,mid,,,none
90,L20_F36426,20,mid,,,none
90,L21_F54492,21,mid,,,none
90,L22_F32734,22,mid,,,none
90,L22_F78043,22,mid,0.640625,-0.640625,ablation_zero
90,L23_F40170,23,late,3.3125,-3.3125,ablation_zero
90,L23_F6889,23,late,3.1953125,-3.1953125,ablation_zero
90,L24_F35447,24,late,0.5,-0.5,ablation_zero
90,L25_F43384,25,late,1.9375,-1.9375,ablation_zero
90,L25_F54011,25,late,2.057765007019043,-2.057765007019043,ablation_zero
90,L25_F90133,25,late,1.8125,-1.8125,ablation_zero
91,L13_F63127,13,early,,,none
91,L14_F129011,14,early,,,none
91,L15_F127839,15,early,0.140625,-0.140625,ablation_zero
91,L16_F45664,16,early,-0.1576297283172607,0.1576297283172607,ablation_zero
91,L16_F76227,16,early,,,none
91,L17_F111317,17,mid,0.8456978797912598,-0.8456978797912598,ablation_zero
91,L17_F51924,17,mid,,,none
91,L18_F149556,18,mid,0.265625,-0.265625,ablation_zero
91,L18_F27853,18,mid,,,none
91,L19_F29102,19,mid,,,none
91,L20_F36426,20,mid,,,none
91,L21_F54492,21,mid,,,none
91,L22_F32734,22,mid,,,none
91,L22_F78043,22,mid,0.375,-0.375,ablation_zero
91,L23_F40170,23,late,2.265625,-2.265625,ablation_zero
91,L23_F6889,23,late,2.125,-2.125,ablation_zero
91,L24_F35447,24,late,0.5625,-0.5625,ablation_zero
91,L25_F43384,25,late,1.5625,-1.5625,ablation_zero
91,L25_F54011,25,late,1.4397928714752195,-1.4397928714752195,ablation_zero
91,L25_F90133,25,late,1.5,-1.5,ablation_zero
92,L13_F63127,13,early,,,none
92,L14_F129011,14,early,,,none
92,L15_F127839,15,early,0.703125,-0.703125,ablation_zero
92,L16_F45664,16,early,-0.164952278137207,0.164952278137207,ablation_zero
92,L16_F76227,16,early,,,none
92,L17_F111317,17,mid,-0.7139968872070312,0.7139968872070312,ablation_zero
92,L17_F51924,17,mid,,,none
92,L18_F149556,18,mid,0.25,-0.25,ablation_zero
92,L18_F27853,18,mid,,,none
92,L19_F29102,19,mid,,,none
92,L20_F36426,20,mid,,,none
92,L21_F54492,21,mid,,,none
92,L22_F32734,22,mid,,,none
92,L22_F78043,22,mid,1.109375,-1.109375,ablation_zero
92,L23_F40170,23,late,3.4921875,-3.4921875,ablation_zero
92,L23_F6889,23,late,3.3671875,-3.3671875,ablation_zero
92,L24_F35447,24,late,0.0625,-0.0625,ablation_zero
92,L25_F43384,25,late,2.8671875,-2.8671875,ablation_zero
92,L25_F54011,25,late,3.0323915481567383,-3.0323915481567383,ablation_zero
92,L25_F90133,25,late,2.625,-2.625,ablation_zero
93,L13_F63127,13,early,,,none
93,L14_F129011,14,early,,,none
93,L15_F127839,15,early,0.421875,-0.421875,ablation_zero
93,L16_F45664,16,early,0.0325794219970703,-0.0325794219970703,ablation_zero
93,L16_F76227,16,early,,,none
93,L17_F111317,17,mid,1.051245927810669,-1.051245927810669,ablation_zero
93,L17_F51924,17,mid,,,none
93,L18_F149556,18,mid,0.8125,-0.8125,ablation_zero
93,L18_F27853,18,mid,,,none
93,L19_F29102,19,mid,,,none
93,L20_F36426,20,mid,,,none
93,L21_F54492,21,mid,,,none
93,L22_F32734,22,mid,,,none
93,L22_F78043,22,mid,1.25,-1.25,ablation_zero
93,L23_F40170,23,late,2.625,-2.625,ablation_zero
93,L23_F6889,23,late,2.5703125,-2.5703125,ablation_zero
93,L24_F35447,24,late,-0.25,0.25,ablation_zero
93,L25_F43384,25,late,1.8125,-1.8125,ablation_zero
93,L25_F54011,25,late,1.8901166915893557,-1.8901166915893557,ablation_zero
93,L25_F90133,25,late,1.8125,-1.8125,ablation_zero
94,L13_F63127,13,early,,,none
94,L14_F129011,14,early,,,none
94,L15_F127839,15,early,0.203125,-0.203125,ablation_zero
94,L16_F45664,16,early,-0.090855598449707,0.090855598449707,ablation_zero
94,L16_F76227,16,early,,,none
94,L17_F111317,17,mid,0.0769691467285156,-0.0769691467285156,ablation_zero
94,L17_F51924,17,mid,,,none
94,L18_F149556,18,mid,0.9375,-0.9375,ablation_zero
94,L18_F27853,18,mid,,,none
94,L19_F29102,19,mid,,,none
94,L20_F36426,20,mid,,,none
94,L21_F54492,21,mid,,,none
94,L22_F32734,22,mid,,,none
94,L22_F78043,22,mid,1.125,-1.125,ablation_zero
94,L23_F40170,23,late,3.3828125,-3.3828125,ablation_zero
94,L23_F6889,23,late,3.25,-3.25,ablation_zero
94,L24_F35447,24,late,-0.0,0.0,ablation_zero
94,L25_F43384,25,late,1.75,-1.75,ablation_zero
94,L25_F54011,25,late,2.0047264099121094,-2.0047264099121094,ablation_zero
94,L25_F90133,25,late,1.6875,-1.6875,ablation_zero
95,L13_F63127,13,early,,,none
95,L14_F129011,14,early,,,none
95,L15_F127839,15,early,-0.5625,0.5625,ablation_zero
95,L16_F45664,16,early,-0.638779878616333,0.638779878616333,ablation_zero
95,L16_F76227,16,early,,,none
95,L17_F111317,17,mid,-1.742823600769043,1.742823600769043,ablation_zero
95,L17_F51924,17,mid,,,none
95,L18_F149556,18,mid,0.5625,-0.5625,ablation_zero
95,L18_F27853,18,mid,,,none
95,L19_F29102,19,mid,,,none
95,L20_F36426,20,mid,,,none
95,L21_F54492,21,mid,,,none
95,L22_F32734,22,mid,,,none
95,L22_F78043,22,mid,1.1875,-1.1875,ablation_zero
95,L23_F40170,23,late,1.0,-1.0,ablation_zero
95,L23_F6889,23,late,1.0,-1.0,ablation_zero
95,L24_F35447,24,late,1.125,-1.125,ablation_zero
95,L25_F43384,25,late,1.6875,-1.6875,ablation_zero
95,L25_F54011,25,late,1.7051706314086914,-1.7051706314086914,ablation_zero
95,L25_F90133,25,late,1.6875,-1.6875,ablation_zero
